Date,Open,Close
2011-12-30,100.0,100.0
2012-01-04,99.6974,99.6974
2012-01-05,99.9289,99.9289
2012-01-06,100.0468,100.0468
2012-01-09,100.1128,100.1128
2012-01-10,100.1853,100.1853
2012-01-11,100.1988,100.1988
2012-01-12,100.1491,100.1491
2012-01-13,100.1661,100.1661
2012-01-16,100.1599,100.1599
2012-01-17,100.1541,100.1541
2012-01-18,100.1299,100.1299
2012-01-19,100.0781,100.0781
2012-01-20,100.2537,100.2537
2012-01-30,100.3383,100.3383
2012-01-31,100.3505,100.3505
2012-02-01,100.2896,100.2896
2012-02-02,100.1595,100.1595
2012-02-03,100.2426,100.2426
2012-02-06,100.2137,100.2137
2012-02-07,100.1851,100.1851
2012-02-08,100.0624,100.0624
2012-02-09,99.9455,99.9455
2012-02-10,100.008,100.008
2012-02-13,100.0622,100.0622
2012-02-14,100.0504,100.0504
2012-02-15,100.0268,100.0268
2012-02-16,99.9366,99.9366
2012-02-17,99.8977,99.8977
2012-02-20,100.0272,100.0272
2012-02-21,99.9916,99.9916
2012-02-22,100.016,100.016
2012-02-23,100.1129,100.1129
2012-02-24,100.0495,100.0495
2012-02-27,99.9224,99.9224
2012-02-28,99.8802,99.8802
2012-02-29,99.8889,99.8889
2012-03-01,99.8386,99.8386
2012-03-02,99.8264,99.8264
2012-03-05,99.8496,99.8496
2012-03-06,99.876,99.876
2012-03-07,99.9035,99.9035
2012-03-08,99.9373,99.9373
2012-03-09,99.9519,99.9519
2012-03-12,100.0426,100.0426
2012-03-13,100.0648,100.0648
2012-03-14,100.0156,100.0156
2012-03-15,100.0355,100.0355
2012-03-16,99.9699,99.9699
2012-03-19,100.0292,100.0292
2012-03-20,99.984,99.984
2012-03-21,99.9547,99.9547
2012-03-22,99.9603,99.9603
2012-03-23,99.9888,99.9888
2012-03-26,100.0329,100.0329
2012-03-27,100.0072,100.0072
2012-03-28,100.0111,100.0111
2012-03-29,100.0519,100.0519
2012-03-30,100.0812,100.0812
2012-04-05,100.218,100.218
2012-04-06,100.2265,100.2265
2012-04-09,100.2066,100.2066
2012-04-10,100.1631,100.1631
2012-04-11,100.1689,100.1689
2012-04-12,100.1365,100.1365
2012-04-13,100.1116,100.1116
2012-04-16,100.0807,100.0807
2012-04-17,100.0001,100.0001
2012-04-18,100.0014,100.0014
2012-04-19,100.019,100.019
2012-04-20,100.0977,100.0977
2012-04-23,100.1448,100.1448
2012-04-24,100.2213,100.2213
2012-04-25,100.1908,100.1908
2012-04-26,100.2075,100.2075
2012-04-27,100.2156,100.2156
2012-05-02,100.2905,100.2905
2012-05-03,100.2918,100.2918
2012-05-04,100.2822,100.2822
2012-05-07,100.3239,100.3239
2012-05-08,100.3229,100.3229
2012-05-09,100.3486,100.3486
2012-05-10,100.4284,100.4284
2012-05-11,100.5886,100.5886
2012-05-14,100.915,100.915
2012-05-15,101.1282,101.1282
2012-05-16,101.2515,101.2515
2012-05-17,101.3159,101.3159
2012-05-18,101.4065,101.4065
2012-05-21,101.4308,101.4308
2012-05-22,101.3952,101.3952
2012-05-23,101.4181,101.4181
2012-05-24,101.5471,101.5471
2012-05-25,101.7496,101.7496
2012-05-28,101.828,101.828
2012-05-29,101.7495,101.7495
2012-05-30,101.6433,101.6433
2012-05-31,101.7715,101.7715
2012-06-01,101.8743,101.8743
2012-06-04,101.9176,101.9176
2012-06-05,101.8533,101.8533
2012-06-06,101.8897,101.8897
2012-06-07,101.8448,101.8448
2012-06-08,102.0814,102.0814
2012-06-11,102.0358,102.0358
2012-06-12,101.9572,101.9572
2012-06-13,101.9061,101.9061
2012-06-14,101.8661,101.8661
2012-06-15,101.9106,101.9106
2012-06-18,101.8143,101.8143
2012-06-19,101.8051,101.8051
2012-06-20,101.7975,101.7975
2012-06-21,101.8102,101.8102
2012-06-25,101.8711,101.8711
2012-06-26,101.884,101.884
2012-06-27,101.9986,101.9986
2012-06-28,102.0263,102.0263
2012-06-29,102.0599,102.0599
2012-07-02,102.0482,102.0482
2012-07-03,102.074,102.074
2012-07-04,102.0978,102.0978
2012-07-05,102.0901,102.0901
2012-07-06,102.2783,102.2783
2012-07-09,102.3356,102.3356
2012-07-10,102.362,102.362
2012-07-11,102.4083,102.4083
2012-07-12,102.4607,102.4607
2012-07-13,102.452,102.452
2012-07-16,102.3763,102.3763
2012-07-17,102.3483,102.3483
2012-07-18,102.3462,102.3462
2012-07-19,102.3485,102.3485
2012-07-20,102.3539,102.3539
2012-07-23,102.414,102.414
2012-07-24,102.398,102.398
2012-07-25,102.3372,102.3372
2012-07-26,102.3547,102.3547
2012-07-27,102.4041,102.4041
2012-07-30,102.3933,102.3933
2012-07-31,102.3697,102.3697
2012-08-01,102.3886,102.3886
2012-08-02,102.3723,102.3723
2012-08-03,102.3308,102.3308
2012-08-06,102.2666,102.2666
2012-08-07,102.208,102.208
2012-08-08,102.1704,102.1704
2012-08-09,102.2225,102.2225
2012-08-10,102.3011,102.3011
2012-08-13,102.2808,102.2808
2012-08-14,102.2776,102.2776
2012-08-15,102.2512,102.2512
2012-08-16,102.2245,102.2245
2012-08-17,102.2036,102.2036
2012-08-20,102.1217,102.1217
2012-08-21,102.1125,102.1125
2012-08-22,102.0031,102.0031
2012-08-23,102.032,102.032
2012-08-24,102.0869,102.0869
2012-08-27,102.0836,102.0836
2012-08-28,102.0231,102.0231
2012-08-29,102.0272,102.0272
2012-08-30,102.0187,102.0187
2012-08-31,102.0307,102.0307
2012-09-03,102.0753,102.0753
2012-09-04,102.1108,102.1108
2012-09-05,102.1423,102.1423
2012-09-06,102.129,102.129
2012-09-07,102.053,102.053
2012-09-10,101.9701,101.9701
2012-09-11,101.889,101.889
2012-09-12,101.7719,101.7719
2012-09-13,101.7199,101.7199
2012-09-14,101.5148,101.5148
2012-09-17,101.4907,101.4907
2012-09-18,101.5739,101.5739
2012-09-19,101.5774,101.5774
2012-09-20,101.5888,101.5888
2012-09-21,101.6051,101.6051
2012-09-24,101.6826,101.6826
2012-09-25,101.7611,101.7611
2012-09-26,101.8479,101.8479
2012-09-27,101.9049,101.9049
2012-09-28,101.9332,101.9332
2012-10-08,101.9759,101.9759
2012-10-09,101.9825,101.9825
2012-10-10,101.9822,101.9822
2012-10-11,102.0234,102.0234
2012-10-12,102.084,102.084
2012-10-15,102.131,102.131
2012-10-16,102.1242,102.1242
2012-10-17,102.1231,102.1231
2012-10-18,102.0772,102.0772
2012-10-19,102.0607,102.0607
2012-10-22,102.0449,102.0449
2012-10-23,102.0123,102.0123
2012-10-24,101.9931,101.9931
2012-10-25,101.9569,101.9569
2012-10-26,101.9326,101.9326
2012-10-29,101.9575,101.9575
2012-10-30,102.0152,102.0152
2012-10-31,102.0172,102.0172
2012-11-01,102.0665,102.0665
2012-11-02,102.0333,102.0333
2012-11-05,102.0694,102.0694
2012-11-06,102.0687,102.0687
2012-11-07,102.106,102.106
2012-11-08,102.1226,102.1226
2012-11-09,102.1082,102.1082
2012-11-12,102.1356,102.1356
2012-11-13,102.1534,102.1534
2012-11-14,102.1487,102.1487
2012-11-15,102.2061,102.2061
2012-11-16,102.2324,102.2324
2012-11-19,102.2781,102.2781
2012-11-20,102.2956,102.2956
2012-11-21,102.3028,102.3028
2012-11-22,102.2779,102.2779
2012-11-23,102.3059,102.3059
2012-11-26,102.2728,102.2728
2012-11-27,102.2283,102.2283
2012-11-28,102.22,102.22
2012-11-29,102.2227,102.2227
2012-11-30,102.2441,102.2441
2012-12-03,102.2901,102.2901
2012-12-04,102.3062,102.3062
2012-12-05,102.3132,102.3132
2012-12-06,102.2842,102.2842
2012-12-07,102.3134,102.3134
2012-12-10,102.3223,102.3223
2012-12-11,102.2792,102.2792
2012-12-12,102.3726,102.3726
2012-12-13,102.3316,102.3316
2012-12-14,102.307,102.307
2012-12-17,102.3331,102.3331
2012-12-18,102.3322,102.3322
2012-12-19,102.3102,102.3102
2012-12-20,102.2719,102.2719
2012-12-21,102.2927,102.2927
2012-12-24,102.301,102.301
2012-12-25,102.3441,102.3441
2012-12-26,102.3537,102.3537
2012-12-27,102.4265,102.4265
2012-12-28,102.4183,102.4183
2012-12-31,102.4646,102.4646
2013-01-04,102.4486,102.4486
2013-01-07,102.4949,102.4949
2013-01-08,102.5496,102.5496
2013-01-09,102.5748,102.5748
2013-01-10,102.5673,102.5673
2013-01-11,102.5995,102.5995
2013-01-14,102.6347,102.6347
2013-01-15,102.6275,102.6275
2013-01-16,102.6681,102.6681
2013-01-17,102.7019,102.7019
2013-01-18,102.7937,102.7937
2013-01-21,102.8885,102.8885
2013-01-22,102.9411,102.9411
2013-01-23,102.9561,102.9561
2013-01-24,103.0,103.0
2013-01-25,102.9835,102.9835
2013-01-28,102.9935,102.9935
2013-01-29,102.9866,102.9866
2013-01-30,103.0161,103.0161
2013-01-31,103.0021,103.0021
2013-02-01,103.0288,103.0288
2013-02-04,103.0522,103.0522
2013-02-05,103.1039,103.1039
2013-02-06,103.1855,103.1855
2013-02-07,103.2159,103.2159
2013-02-08,103.2283,103.2283
2013-02-18,103.4242,103.4242
2013-02-19,103.4573,103.4573
2013-02-20,103.5188,103.5188
2013-02-21,103.5532,103.5532
2013-02-22,103.5773,103.5773
2013-02-25,103.5682,103.5682
2013-02-26,103.5396,103.5396
2013-02-27,103.5558,103.5558
2013-02-28,103.5607,103.5607
2013-03-01,103.5411,103.5411
2013-03-04,103.6114,103.6114
2013-03-05,103.6376,103.6376
2013-03-06,103.6357,103.6357
2013-03-07,103.6548,103.6548
2013-03-08,103.656,103.656
2013-03-11,103.6845,103.6845
2013-03-12,103.6771,103.6771
2013-03-13,103.6901,103.6901
2013-03-14,103.6909,103.6909
2013-03-15,103.6807,103.6807
2013-03-18,103.6913,103.6913
2013-03-19,103.705,103.705
2013-03-20,103.7156,103.7156
2013-03-21,103.7475,103.7475
2013-03-22,103.7322,103.7322
2013-03-25,103.7647,103.7647
2013-03-26,103.7823,103.7823
2013-03-27,103.8114,103.8114
2013-03-28,103.8444,103.8444
2013-03-29,103.8981,103.8981
2013-04-01,103.9603,103.9603
2013-04-02,104.0432,104.0432
2013-04-03,104.1335,104.1335
2013-04-08,104.2254,104.2254
2013-04-09,104.2948,104.2948
2013-04-10,104.3744,104.3744
2013-04-11,104.3637,104.3637
2013-04-12,104.382,104.382
2013-04-15,104.4312,104.4312
2013-04-16,104.5541,104.5541
2013-04-17,104.5666,104.5666
2013-04-18,104.4778,104.4778
2013-04-19,104.3981,104.3981
2013-04-22,104.376,104.376
2013-04-23,104.3994,104.3994
2013-04-24,104.4145,104.4145
2013-04-25,104.5028,104.5028
2013-04-26,104.5324,104.5324
2013-05-02,104.7454,104.7454
2013-05-03,104.7424,104.7424
2013-05-06,104.755,104.755
2013-05-07,104.7549,104.7549
2013-05-08,104.7464,104.7464
2013-05-09,104.7882,104.7882
2013-05-10,104.8144,104.8144
2013-05-13,104.8473,104.8473
2013-05-14,104.9127,104.9127
2013-05-15,104.9214,104.9214
2013-05-16,104.9225,104.9225
2013-05-17,104.9448,104.9448
2013-05-20,104.9621,104.9621
2013-05-21,104.9898,104.9898
2013-05-22,104.9964,104.9964
2013-05-23,104.9964,104.9964
2013-05-24,105.0165,105.0165
2013-05-27,105.0617,105.0617
2013-05-28,105.081,105.081
2013-05-29,105.0666,105.0666
2013-05-30,105.094,105.094
2013-05-31,105.1009,105.1009
2013-06-03,105.108,105.108
2013-06-04,105.0955,105.0955
2013-06-05,105.0687,105.0687
2013-06-06,105.0009,105.0009
2013-06-07,104.9705,104.9705
2013-06-13,105.0307,105.0307
2013-06-14,104.9139,104.9139
2013-06-17,104.9083,104.9083
2013-06-18,104.8189,104.8189
2013-06-19,104.5725,104.5725
2013-06-20,103.7988,103.7988
2013-06-21,103.8332,103.8332
2013-06-24,103.7506,103.7506
2013-06-25,103.8329,103.8329
2013-06-26,104.4115,104.4115
2013-06-27,104.4278,104.4278
2013-06-28,104.5091,104.5091
2013-07-01,104.6829,104.6829
2013-07-02,104.7626,104.7626
2013-07-03,104.8854,104.8854
2013-07-04,104.8965,104.8965
2013-07-05,104.9819,104.9819
2013-07-08,105.0298,105.0298
2013-07-09,104.9739,104.9739
2013-07-10,104.9056,104.9056
2013-07-11,104.7568,104.7568
2013-07-12,104.6744,104.6744
2013-07-15,104.7058,104.7058
2013-07-16,104.6227,104.6227
2013-07-17,104.5423,104.5423
2013-07-18,104.5244,104.5244
2013-07-19,104.4746,104.4746
2013-07-22,104.3893,104.3893
2013-07-23,104.2432,104.2432
2013-07-24,104.1499,104.1499
2013-07-25,104.2074,104.2074
2013-07-26,104.2913,104.2913
2013-07-29,104.3185,104.3185
2013-07-30,104.3241,104.3241
2013-07-31,104.3516,104.3516
2013-08-01,104.4011,104.4011
2013-08-02,104.4434,104.4434
2013-08-05,104.4984,104.4984
2013-08-06,104.4746,104.4746
2013-08-07,104.425,104.425
2013-08-08,104.2819,104.2819
2013-08-09,104.1911,104.1911
2013-08-12,104.1779,104.1779
2013-08-13,103.9251,103.9251
2013-08-14,103.8135,103.8135
2013-08-15,103.6768,103.6768
2013-08-16,103.5717,103.5717
2013-08-19,103.5493,103.5493
2013-08-20,103.363,103.363
2013-08-21,103.3562,103.3562
2013-08-22,103.3732,103.3732
2013-08-23,103.4205,103.4205
2013-08-26,103.5173,103.5173
2013-08-27,103.588,103.588
2013-08-28,103.5418,103.5418
2013-08-29,103.4813,103.4813
2013-08-30,103.4572,103.4572
2013-09-02,103.4608,103.4608
2013-09-03,103.3594,103.3594
2013-09-04,103.3026,103.3026
2013-09-05,103.2389,103.2389
2013-09-06,103.2378,103.2378
2013-09-09,103.2354,103.2354
2013-09-10,103.2189,103.2189
2013-09-11,103.1735,103.1735
2013-09-12,103.1424,103.1424
2013-09-13,103.0986,103.0986
2013-09-16,103.1504,103.1504
2013-09-17,103.2356,103.2356
2013-09-18,103.2999,103.2999
2013-09-23,103.3992,103.3992
2013-09-24,103.4054,103.4054
2013-09-25,103.4089,103.4089
2013-09-26,103.4286,103.4286
2013-09-27,103.4571,103.4571
2013-09-30,103.4794,103.4794
2013-10-08,103.562,103.562
2013-10-09,103.5422,103.5422
2013-10-10,103.5142,103.5142
2013-10-11,103.5229,103.5229
2013-10-14,103.4693,103.4693
2013-10-15,103.334,103.334
2013-10-16,103.3213,103.3213
2013-10-17,103.2574,103.2574
2013-10-18,103.2438,103.2438
2013-10-21,103.4328,103.4328
2013-10-22,103.1934,103.1934
2013-10-23,103.1533,103.1533
2013-10-24,102.9023,102.9023
2013-10-25,102.7489,102.7489
2013-10-28,102.5675,102.5675
2013-10-29,102.5717,102.5717
2013-10-30,102.5753,102.5753
2013-10-31,102.572,102.572
2013-11-01,102.5673,102.5673
2013-11-04,102.6224,102.6224
2013-11-05,102.5488,102.5488
2013-11-06,102.4442,102.4442
2013-11-07,102.2613,102.2613
2013-11-08,102.1263,102.1263
2013-11-11,101.7987,101.7987
2013-11-12,101.7933,101.7933
2013-11-13,101.7731,101.7731
2013-11-14,101.6914,101.6914
2013-11-15,101.7028,101.7028
2013-11-18,101.5803,101.5803
2013-11-19,101.5163,101.5163
2013-11-20,101.4086,101.4086
2013-11-21,101.3348,101.3348
2013-11-22,101.4686,101.4686
2013-11-25,101.6029,101.6029
2013-11-26,101.7058,101.7058
2013-11-27,101.7699,101.7699
2013-11-28,101.8806,101.8806
2013-11-29,102.1235,102.1235
2013-12-02,102.0302,102.0302
2013-12-03,101.9203,101.9203
2013-12-04,101.8955,101.8955
2013-12-05,102.0844,102.0844
2013-12-06,101.9959,101.9959
2013-12-09,102.1537,102.1537
2013-12-10,101.8393,101.8393
2013-12-11,101.7736,101.7736
2013-12-12,101.7799,101.7799
2013-12-13,101.8677,101.8677
2013-12-16,101.8815,101.8815
2013-12-17,101.8556,101.8556
2013-12-18,101.6919,101.6919
2013-12-19,101.6221,101.6221
2013-12-20,101.5598,101.5598
2013-12-23,101.5691,101.5691
2013-12-24,101.3509,101.3509
2013-12-25,101.5399,101.5399
2013-12-26,101.5817,101.5817
2013-12-27,101.6138,101.6138
2013-12-30,101.5807,101.5807
2013-12-31,101.6328,101.6328
2014-01-02,101.6812,101.6812
2014-01-03,101.436,101.436
2014-01-06,101.5067,101.5067
2014-01-07,101.417,101.417
2014-01-08,101.4267,101.4267
2014-01-09,101.4547,101.4547
2014-01-10,101.5768,101.5768
2014-01-13,101.6691,101.6691
2014-01-14,101.7901,101.7901
2014-01-15,101.5979,101.5979
2014-01-16,101.5906,101.5906
2014-01-17,101.6635,101.6635
2014-01-20,101.7051,101.7051
2014-01-21,101.8278,101.8278
2014-01-22,101.9284,101.9284
2014-01-23,102.0377,102.0377
2014-01-24,101.994,101.994
2014-01-27,102.1912,102.1912
2014-01-28,102.3883,102.3883
2014-01-29,102.3806,102.3806
2014-01-30,102.4004,102.4004
2014-02-07,102.6917,102.6917
2014-02-10,102.7561,102.7561
2014-02-11,102.7119,102.7119
2014-02-12,102.7385,102.7385
2014-02-13,102.84,102.84
2014-02-14,102.9433,102.9433
2014-02-17,103.0067,103.0067
2014-02-18,103.0302,103.0302
2014-02-19,103.0416,103.0416
2014-02-20,103.0864,103.0864
2014-02-21,103.1537,103.1537
2014-02-24,103.2944,103.2944
2014-02-25,103.6314,103.6314
2014-02-26,103.8096,103.8096
2014-02-27,104.1025,104.1025
2014-02-28,104.1569,104.1569
2014-03-03,104.1957,104.1957
2014-03-04,104.0695,104.0695
2014-03-05,103.8787,103.8787
2014-03-06,103.8233,103.8233
2014-03-07,103.7151,103.7151
2014-03-10,103.7705,103.7705
2014-03-11,103.8826,103.8826
2014-03-12,103.9216,103.9216
2014-03-13,103.9386,103.9386
2014-03-14,103.9838,103.9838
2014-03-17,104.062,104.062
2014-03-18,104.0585,104.0585
2014-03-19,103.914,103.914
2014-03-20,103.8893,103.8893
2014-03-21,103.8257,103.8257
2014-03-24,103.9611,103.9611
2014-03-25,103.966,103.966
2014-03-26,103.946,103.946
2014-03-27,103.9303,103.9303
2014-03-28,103.9288,103.9288
2014-03-31,103.9795,103.9795
2014-04-01,103.9362,103.9362
2014-04-02,103.8695,103.8695
2014-04-03,103.7989,103.7989
2014-04-04,103.7764,103.7764
2014-04-08,103.8057,103.8057
2014-04-09,103.8485,103.8485
2014-04-10,103.8582,103.8582
2014-04-11,103.9171,103.9171
2014-04-14,104.085,104.085
2014-04-15,104.2118,104.2118
2014-04-16,104.2537,104.2537
2014-04-17,104.5202,104.5202
2014-04-18,104.5222,104.5222
2014-04-21,104.5747,104.5747
2014-04-22,104.6242,104.6242
2014-04-23,104.6024,104.6024
2014-04-24,104.6302,104.6302
2014-04-25,104.6275,104.6275
2014-04-28,104.6695,104.6695
2014-04-29,104.7493,104.7493
2014-04-30,104.8396,104.8396
2014-05-05,105.0656,105.0656
2014-05-06,105.2465,105.2465
2014-05-07,105.3403,105.3403
2014-05-08,105.5442,105.5442
2014-05-09,105.8441,105.8441
2014-05-12,105.9535,105.9535
2014-05-13,105.9304,105.9304
2014-05-14,105.811,105.811
2014-05-15,105.7335,105.7335
2014-05-16,105.7574,105.7574
2014-05-19,105.8732,105.8732
2014-05-20,105.8461,105.8461
2014-05-21,105.8822,105.8822
2014-05-22,105.9389,105.9389
2014-05-23,105.9632,105.9632
2014-05-26,106.0134,106.0134
2014-05-27,106.0454,106.0454
2014-05-28,106.1179,106.1179
2014-05-29,106.2539,106.2539
2014-05-30,106.3623,106.3623
2014-06-03,106.7207,106.7207
2014-06-04,106.8862,106.8862
2014-06-05,106.8769,106.8769
2014-06-06,106.8162,106.8162
2014-06-09,106.8131,106.8131
2014-06-10,106.8978,106.8978
2014-06-11,106.9351,106.9351
2014-06-12,106.9735,106.9735
2014-06-13,106.9068,106.9068
2014-06-16,107.0617,107.0617
2014-06-17,107.1185,107.1185
2014-06-18,107.1135,107.1135
2014-06-19,107.0912,107.0912
2014-06-20,107.1048,107.1048
2014-06-23,107.1695,107.1695
2014-06-24,107.1705,107.1705
2014-06-25,107.2081,107.2081
2014-06-26,107.2292,107.2292
2014-06-27,107.2597,107.2597
2014-06-30,107.2532,107.2532
2014-07-01,107.1452,107.1452
2014-07-02,107.1176,107.1176
2014-07-03,107.0038,107.0038
2014-07-04,106.9044,106.9044
2014-07-07,106.9835,106.9835
2014-07-08,106.9921,106.9921
2014-07-09,106.9013,106.9013
2014-07-10,106.9488,106.9488
2014-07-11,106.9564,106.9564
2014-07-14,106.9678,106.9678
2014-07-15,106.9072,106.9072
2014-07-16,106.8022,106.8022
2014-07-17,106.6306,106.6306
2014-07-18,106.5355,106.5355
2014-07-21,106.6434,106.6434
2014-07-22,106.7501,106.7501
2014-07-23,106.8157,106.8157
2014-07-24,106.9155,106.9155
2014-07-25,107.0176,107.0176
2014-07-28,107.1113,107.1113
2014-07-29,107.0889,107.0889
2014-07-30,107.0789,107.0789
2014-07-31,107.1184,107.1184
2014-08-01,107.2296,107.2296
2014-08-04,107.2961,107.2961
2014-08-05,107.3077,107.3077
2014-08-06,107.3381,107.3381
2014-08-07,107.3921,107.3921
2014-08-08,107.3947,107.3947
2014-08-11,107.4272,107.4272
2014-08-12,107.4208,107.4208
2014-08-13,107.5124,107.5124
2014-08-14,107.653,107.653
2014-08-15,107.7053,107.7053
2014-08-18,107.7432,107.7432
2014-08-19,107.7042,107.7042
2014-08-20,107.6914,107.6914
2014-08-21,107.6985,107.6985
2014-08-22,107.7013,107.7013
2014-08-25,107.7689,107.7689
2014-08-26,107.7603,107.7603
2014-08-27,107.8741,107.8741
2014-08-28,107.976,107.976
2014-08-29,107.9905,107.9905
2014-09-01,108.0489,108.0489
2014-09-02,108.0745,108.0745
2014-09-03,108.0668,108.0668
2014-09-04,108.1015,108.1015
2014-09-05,108.0829,108.0829
2014-09-09,108.1462,108.1462
2014-09-10,108.1635,108.1635
2014-09-11,108.1721,108.1721
2014-09-12,108.1821,108.1821
2014-09-15,108.3279,108.3279
2014-09-16,108.345,108.345
2014-09-17,108.5628,108.5628
2014-09-18,108.7028,108.7028
2014-09-19,108.8824,108.8824
2014-09-22,109.0027,109.0027
2014-09-23,109.0914,109.0914
2014-09-24,109.069,109.069
2014-09-25,109.0511,109.0511
2014-09-26,109.0644,109.0644
2014-09-29,109.1896,109.1896
2014-09-30,109.2733,109.2733
2014-10-08,109.3337,109.3337
2014-10-09,109.2558,109.2558
2014-10-10,109.3154,109.3154
2014-10-13,109.3825,109.3825
2014-10-14,109.6031,109.6031
2014-10-15,109.85,109.85
2014-10-16,110.0525,110.0525
2014-10-17,110.0872,110.0872
2014-10-20,110.3791,110.3791
2014-10-21,110.6782,110.6782
2014-10-22,110.6536,110.6536
2014-10-23,110.5971,110.5971
2014-10-24,110.5991,110.5991
2014-10-27,110.6674,110.6674
2014-10-28,110.7747,110.7747
2014-10-29,110.8511,110.8511
2014-10-30,111.0005,111.0005
2014-10-31,110.9878,110.9878
2014-11-03,111.277,111.277
2014-11-04,111.6696,111.6696
2014-11-05,111.8447,111.8447
2014-11-06,111.8507,111.8507
2014-11-07,112.052,112.052
2014-11-10,112.3063,112.3063
2014-11-11,112.4952,112.4952
2014-11-12,112.4746,112.4746
2014-11-13,112.4013,112.4013
2014-11-14,112.2492,112.2492
2014-11-17,111.9413,111.9413
2014-11-18,111.8415,111.8415
2014-11-19,111.8573,111.8573
2014-11-20,111.8095,111.8095
2014-11-21,111.7086,111.7086
2014-11-24,112.4137,112.4137
2014-11-25,112.5087,112.5087
2014-11-26,112.5059,112.5059
2014-11-27,112.5085,112.5085
2014-11-28,112.5132,112.5132
2014-12-01,112.5201,112.5201
2014-12-02,112.4494,112.4494
2014-12-03,112.1946,112.1946
2014-12-04,111.9851,111.9851
2014-12-05,111.672,111.672
2014-12-08,111.4132,111.4132
2014-12-09,110.9665,110.9665
2014-12-10,111.0473,111.0473
2014-12-11,111.2076,111.2076
2014-12-12,111.2253,111.2253
2014-12-15,111.2683,111.2683
2014-12-16,111.3297,111.3297
2014-12-17,111.4003,111.4003
2014-12-18,111.4388,111.4388
2014-12-19,111.4443,111.4443
2014-12-22,111.6154,111.6154
2014-12-23,111.7657,111.7657
2014-12-24,112.0433,112.0433
2014-12-25,112.1591,112.1591
2014-12-26,112.1991,112.1991
2014-12-29,112.2469,112.2469
2014-12-30,112.2885,112.2885
2014-12-31,112.2817,112.2817
2015-01-05,112.2171,112.2171
2015-01-06,112.2608,112.2608
2015-01-07,112.3064,112.3064
2015-01-08,112.338,112.338
2015-01-09,112.355,112.355
2015-01-12,112.371,112.371
2015-01-13,112.4849,112.4849
2015-01-14,112.5796,112.5796
2015-01-15,112.6631,112.6631
2015-01-16,112.7559,112.7559
2015-01-19,112.8636,112.8636
2015-01-20,112.9271,112.9271
2015-01-21,112.9653,112.9653
2015-01-22,113.0553,113.0553
2015-01-23,113.0593,113.0593
2015-01-26,113.1047,113.1047
2015-01-27,113.1236,113.1236
2015-01-28,113.1045,113.1045
2015-01-29,113.039,113.039
2015-01-30,112.9861,112.9861
2015-02-02,113.0743,113.0743
2015-02-03,113.1482,113.1482
2015-02-04,113.1664,113.1664
2015-02-05,113.3372,113.3372
2015-02-06,113.2955,113.2955
2015-02-09,113.3403,113.3403
2015-02-10,113.3815,113.3815
2015-02-11,113.4472,113.4472
2015-02-12,113.5481,113.5481
2015-02-13,113.6555,113.6555
2015-02-16,113.7707,113.7707
2015-02-17,113.8129,113.8129
2015-02-25,113.9352,113.9352
2015-02-26,113.863,113.863
2015-02-27,113.8413,113.8413
2015-03-02,113.8602,113.8602
2015-03-03,113.7591,113.7591
2015-03-04,113.725,113.725
2015-03-05,113.6322,113.6322
2015-03-06,113.4893,113.4893
2015-03-09,113.4488,113.4488
2015-03-10,113.3829,113.3829
2015-03-11,113.4584,113.4584
2015-03-12,113.5204,113.5204
2015-03-13,113.4619,113.4619
2015-03-16,113.3821,113.3821
2015-03-17,113.3378,113.3378
2015-03-18,113.3633,113.3633
2015-03-19,113.3428,113.3428
2015-03-20,113.3897,113.3897
2015-03-23,113.4428,113.4428
2015-03-24,113.315,113.315
2015-03-25,113.2563,113.2563
2015-03-26,113.1521,113.1521
2015-03-27,112.8949,112.8949
2015-03-30,112.8484,112.8484
2015-03-31,112.6132,112.6132
2015-04-01,112.6627,112.6627
2015-04-02,112.7915,112.7915
2015-04-03,112.8512,112.8512
2015-04-07,112.8819,112.8819
2015-04-08,112.8236,112.8236
2015-04-09,112.8312,112.8312
2015-04-10,112.8819,112.8819
2015-04-13,112.9482,112.9482
2015-04-14,113.0993,113.0993
2015-04-15,113.1805,113.1805
2015-04-16,113.2912,113.2912
2015-04-17,113.3423,113.3423
2015-04-20,113.7036,113.7036
2015-04-21,113.9615,113.9615
2015-04-22,114.0257,114.0257
2015-04-23,113.9331,113.9331
2015-04-24,113.8076,113.8076
2015-04-27,113.8707,113.8707
2015-04-28,113.8983,113.8983
2015-04-29,113.9182,113.9182
2015-04-30,113.9752,113.9752
2015-05-04,114.0562,114.0562
2015-05-05,114.0494,114.0494
2015-05-06,114.034,114.034
2015-05-07,114.0707,114.0707
2015-05-08,114.1818,114.1818
2015-05-11,114.3575,114.3575
2015-05-12,114.5671,114.5671
2015-05-13,114.8463,114.8463
2015-05-14,115.1835,115.1835
2015-05-15,115.2651,115.2651
2015-05-18,115.2805,115.2805
2015-05-19,115.1836,115.1836
2015-05-20,115.1453,115.1453
2015-05-21,115.1631,115.1631
2015-05-22,115.1178,115.1178
2015-05-25,115.1612,115.1612
2015-05-26,115.0675,115.0675
2015-05-27,114.9914,114.9914
2015-05-28,114.913,114.913
2015-05-29,114.8751,114.8751
2015-06-01,114.8551,114.8551
2015-06-02,114.9175,114.9175
2015-06-03,114.9623,114.9623
2015-06-04,115.0129,115.0129
2015-06-05,115.0742,115.0742
2015-06-08,115.1095,115.1095
2015-06-09,115.1126,115.1126
2015-06-10,115.1411,115.1411
2015-06-11,115.1026,115.1026
2015-06-12,115.0988,115.0988
2015-06-15,115.0899,115.0899
2015-06-16,115.0522,115.0522
2015-06-17,115.0676,115.0676
2015-06-18,115.0803,115.0803
2015-06-19,115.0569,115.0569
2015-06-23,115.1003,115.1003
2015-06-24,115.0823,115.0823
2015-06-25,115.0834,115.0834
2015-06-26,115.0883,115.0883
2015-06-29,115.1885,115.1885
2015-06-30,115.2197,115.2197
2015-07-01,115.2146,115.2146
2015-07-02,115.2329,115.2329
2015-07-03,115.2366,115.2366
2015-07-06,115.3716,115.3716
2015-07-07,115.5819,115.5819
2015-07-08,115.6602,115.6602
2015-07-09,115.6352,115.6352
2015-07-10,115.5495,115.5495
2015-07-13,115.5832,115.5832
2015-07-14,115.5348,115.5348
2015-07-15,115.4706,115.4706
2015-07-16,115.518,115.518
2015-07-17,115.5784,115.5784
2015-07-20,115.6331,115.6331
2015-07-21,115.6934,115.6934
2015-07-22,115.7213,115.7213
2015-07-23,115.8473,115.8473
2015-07-24,115.9646,115.9646
2015-07-27,115.9648,115.9648
2015-07-28,116.0641,116.0641
2015-07-29,116.0794,116.0794
2015-07-30,116.1762,116.1762
2015-07-31,116.1207,116.1207
2015-08-03,116.2094,116.2094
2015-08-04,116.2718,116.2718
2015-08-05,116.3801,116.3801
2015-08-06,116.476,116.476
2015-08-07,116.6106,116.6106
2015-08-10,116.6837,116.6837
2015-08-11,116.5403,116.5403
2015-08-12,116.3627,116.3627
2015-08-13,116.444,116.444
2015-08-14,116.4793,116.4793
2015-08-17,116.5306,116.5306
2015-08-18,116.5312,116.5312
2015-08-19,116.5426,116.5426
2015-08-20,116.5704,116.5704
2015-08-21,116.5837,116.5837
2015-08-24,116.6636,116.6636
2015-08-25,116.7171,116.7171
2015-08-26,116.7366,116.7366
2015-08-27,116.7489,116.7489
2015-08-28,116.7955,116.7955
2015-08-31,116.8014,116.8014
2015-09-01,116.9925,116.9925
2015-09-02,116.9733,116.9733
2015-09-07,117.0281,117.0281
2015-09-08,116.9897,116.9897
2015-09-09,116.9744,116.9744
2015-09-10,116.9877,116.9877
2015-09-11,117.0089,117.0089
2015-09-14,117.087,117.087
2015-09-15,117.1453,117.1453
2015-09-16,117.1893,117.1893
2015-09-17,117.1848,117.1848
2015-09-18,117.1809,117.1809
2015-09-21,117.1905,117.1905
2015-09-22,117.1611,117.1611
2015-09-23,117.191,117.191
2015-09-24,117.1938,117.1938
2015-09-25,117.1864,117.1864
2015-09-28,117.2814,117.2814
2015-09-29,117.3794,117.3794
2015-09-30,117.4359,117.4359
2015-10-08,117.5183,117.5183
2015-10-09,117.5383,117.5383
2015-10-12,117.7055,117.7055
2015-10-13,117.8217,117.8217
2015-10-14,117.9998,117.9998
2015-10-15,117.9938,117.9938
2015-10-16,117.9827,117.9827
2015-10-19,118.015,118.015
2015-10-20,118.0672,118.0672
2015-10-21,118.0733,118.0733
2015-10-22,118.1348,118.1348
2015-10-23,118.1871,118.1871
2015-10-26,118.4186,118.4186
2015-10-27,118.5829,118.5829
2015-10-28,118.6667,118.6667
2015-10-29,118.6332,118.6332
2015-10-30,118.5759,118.5759
2015-11-02,118.6019,118.6019
2015-11-03,118.6071,118.6071
2015-11-04,118.5744,118.5744
2015-11-05,118.5288,118.5288
2015-11-06,118.5137,118.5137
2015-11-09,118.2962,118.2962
2015-11-10,118.2354,118.2354
2015-11-11,118.3325,118.3325
2015-11-12,118.3523,118.3523
2015-11-13,118.3791,118.3791
2015-11-16,118.426,118.426
2015-11-17,118.4344,118.4344
2015-11-18,118.4189,118.4189
2015-11-19,118.4032,118.4032
2015-11-20,118.4127,118.4127
2015-11-23,118.4675,118.4675
2015-11-24,118.4645,118.4645
2015-11-25,118.5303,118.5303
2015-11-26,118.557,118.557
2015-11-27,118.5972,118.5972
2015-11-30,118.6567,118.6567
2015-12-01,118.7507,118.7507
2015-12-02,118.7865,118.7865
2015-12-03,118.8607,118.8607
2015-12-04,118.9954,118.9954
2015-12-07,119.0723,119.0723
2015-12-08,119.2094,119.2094
2015-12-09,119.2863,119.2863
2015-12-10,119.3617,119.3617
2015-12-11,119.4106,119.4106
2015-12-14,119.4029,119.4029
2015-12-15,119.3969,119.3969
2015-12-16,119.4128,119.4128
2015-12-17,119.4801,119.4801
2015-12-18,119.6436,119.6436
2015-12-21,119.9342,119.9342
2015-12-22,120.1427,120.1427
2015-12-23,120.2142,120.2142
2015-12-24,120.345,120.345
2015-12-25,120.5126,120.5126
2015-12-28,120.5539,120.5539
2015-12-29,120.7002,120.7002
2015-12-30,120.7422,120.7422
2015-12-31,120.7125,120.7125
2016-01-04,120.5619,120.5619
2016-01-05,120.4171,120.4171
2016-01-06,120.4198,120.4198
2016-01-07,120.4977,120.4977
2016-01-08,120.6102,120.6102
2016-01-11,120.6411,120.6411
2016-01-12,120.8002,120.8002
2016-01-13,120.9542,120.9542
2016-01-14,121.0523,121.0523
2016-01-15,120.9974,120.9974
2016-01-18,120.951,120.951
2016-01-19,120.9382,120.9382
2016-01-20,120.8135,120.8135
2016-01-21,120.7783,120.7783
2016-01-22,120.8786,120.8786
2016-01-25,120.7831,120.7831
2016-01-26,120.7299,120.7299
2016-01-27,120.5776,120.5776
2016-01-28,120.5623,120.5623
2016-01-29,120.6729,120.6729
2016-02-01,120.7094,120.7094
2016-02-02,120.6851,120.6851
2016-02-03,120.5705,120.5705
2016-02-04,120.6145,120.6145
2016-02-05,120.6612,120.6612
2016-02-15,120.858,120.858
2016-02-16,120.7764,120.7764
2016-02-17,120.7766,120.7766
2016-02-18,120.7635,120.7635
2016-02-19,120.8061,120.8061
2016-02-22,120.8217,120.8217
2016-02-23,120.8655,120.8655
2016-02-24,120.8615,120.8615
2016-02-25,120.7959,120.7959
2016-02-26,120.806,120.806
2016-02-29,120.8337,120.8337
2016-03-01,120.8181,120.8181
2016-03-02,120.7934,120.7934
2016-03-03,120.7515,120.7515
2016-03-04,120.7323,120.7323
2016-03-07,120.7682,120.7682
2016-03-08,120.7382,120.7382
2016-03-09,120.7986,120.7986
2016-03-10,120.8731,120.8731
2016-03-11,120.9385,120.9385
2016-03-14,120.9588,120.9588
2016-03-15,120.9965,120.9965
2016-03-16,121.1279,121.1279
2016-03-17,121.2093,121.2093
2016-03-18,121.1762,121.1762
2016-03-21,121.1647,121.1647
2016-03-22,121.1937,121.1937
2016-03-23,121.2137,121.2137
2016-03-24,121.245,121.245
2016-03-25,121.2356,121.2356
2016-03-28,121.2048,121.2048
2016-03-29,121.1884,121.1884
2016-03-30,121.1965,121.1965
2016-03-31,121.1986,121.1986
2016-04-01,121.2523,121.2523
2016-04-05,121.2912,121.2912
2016-04-06,121.2869,121.2869
2016-04-07,121.2865,121.2865
2016-04-08,121.2627,121.2627
2016-04-11,121.2467,121.2467
2016-04-12,121.2039,121.2039
2016-04-13,121.067,121.067
2016-04-14,120.8937,120.8937
2016-04-15,120.934,120.934
2016-04-18,120.937,120.937
2016-04-19,120.9209,120.9209
2016-04-20,120.772,120.772
2016-04-21,120.5519,120.5519
2016-04-22,120.491,120.491
2016-04-25,120.2556,120.2556
2016-04-26,120.1919,120.1919
2016-04-27,120.3325,120.3325
2016-04-28,120.3949,120.3949
2016-04-29,120.4146,120.4146
2016-05-03,120.6034,120.6034
2016-05-04,120.6166,120.6166
2016-05-05,120.6149,120.6149
2016-05-06,120.6405,120.6405
2016-05-09,120.8011,120.8011
2016-05-10,120.9043,120.9043
2016-05-11,120.9567,120.9567
2016-05-12,121.0298,121.0298
2016-05-13,121.0888,121.0888
2016-05-16,121.0889,121.0889
2016-05-17,121.0597,121.0597
2016-05-18,120.9976,120.9976
2016-05-19,120.9426,120.9426
2016-05-20,120.9499,120.9499
2016-05-23,120.9846,120.9846
2016-05-24,121.0061,121.0061
2016-05-25,121.0453,121.0453
2016-05-26,121.0625,121.0625
2016-05-27,121.0578,121.0578
2016-05-30,121.0701,121.0701
2016-05-31,121.0807,121.0807
2016-06-01,121.1127,121.1127
2016-06-02,121.1101,121.1101
2016-06-03,121.1238,121.1238
2016-06-06,121.1546,121.1546
2016-06-07,121.1538,121.1538
2016-06-08,121.144,121.144
2016-06-13,121.2285,121.2285
2016-06-14,121.2902,121.2902
2016-06-15,121.339,121.339
2016-06-16,121.4194,121.4194
2016-06-17,121.4529,121.4529
2016-06-20,121.4918,121.4918
2016-06-21,121.4981,121.4981
2016-06-22,121.5748,121.5748
2016-06-23,121.6198,121.6198
2016-06-24,121.7121,121.7121
2016-06-27,121.8556,121.8556
2016-06-28,121.914,121.914
2016-06-29,121.9262,121.9262
2016-06-30,121.9776,121.9776
2016-07-01,122.0878,122.0878
2016-07-04,122.2159,122.2159
2016-07-05,122.2046,122.2046
2016-07-06,122.2548,122.2548
2016-07-07,122.3287,122.3287
2016-07-08,122.4256,122.4256
2016-07-11,122.4455,122.4455
2016-07-12,122.4334,122.4334
2016-07-13,122.4219,122.4219
2016-07-14,122.4229,122.4229
2016-07-15,122.4239,122.4239
2016-07-18,122.4911,122.4911
2016-07-19,122.5345,122.5345
2016-07-20,122.6031,122.6031
2016-07-21,122.6817,122.6817
2016-07-22,122.6837,122.6837
2016-07-25,122.6979,122.6979
2016-07-26,122.7405,122.7405
2016-07-27,122.7606,122.7606
2016-07-28,122.831,122.831
2016-07-29,122.8371,122.8371
2016-08-01,122.8806,122.8806
2016-08-02,122.8924,122.8924
2016-08-03,122.9166,122.9166
2016-08-04,122.9187,122.9187
2016-08-05,122.9925,122.9925
2016-08-08,123.0571,123.0571
2016-08-09,123.1171,123.1171
2016-08-10,123.2327,123.2327
2016-08-11,123.2751,123.2751
2016-08-12,123.3504,123.3504
2016-08-15,123.5129,123.5129
2016-08-16,123.4805,123.4805
2016-08-17,123.4187,123.4187
2016-08-18,123.4283,123.4283
2016-08-19,123.3752,123.3752
2016-08-22,123.3958,123.3958
2016-08-23,123.3394,123.3394
2016-08-24,123.2274,123.2274
2016-08-25,123.2669,123.2669
2016-08-26,123.289,123.289
2016-08-29,123.2962,123.2962
2016-08-30,123.2077,123.2077
2016-08-31,123.1886,123.1886
2016-09-01,123.1994,123.1994
2016-09-02,123.2372,123.2372
2016-09-05,123.2669,123.2669
2016-09-06,123.2577,123.2577
2016-09-07,123.252,123.252
2016-09-08,123.2753,123.2753
2016-09-09,123.2894,123.2894
2016-09-12,123.3012,123.3012
2016-09-13,123.3286,123.3286
2016-09-14,123.3483,123.3483
2016-09-19,123.4321,123.4321
2016-09-20,123.4561,123.4561
2016-09-21,123.4424,123.4424
2016-09-22,123.4788,123.4788
2016-09-23,123.5001,123.5001
2016-09-26,123.5763,123.5763
2016-09-27,123.5914,123.5914
2016-09-28,123.5822,123.5822
2016-09-29,123.6075,123.6075
2016-09-30,123.6192,123.6192
2016-10-10,123.9406,123.9406
2016-10-11,123.9588,123.9588
2016-10-12,123.9306,123.9306
2016-10-13,123.9436,123.9436
2016-10-14,123.9648,123.9648
2016-10-17,123.9984,123.9984
2016-10-18,124.0332,124.0332
2016-10-19,124.0639,124.0639
2016-10-20,124.102,124.102
2016-10-21,124.1209,124.1209
2016-10-24,124.1234,124.1234
2016-10-25,124.0978,124.0978
2016-10-26,123.9426,123.9426
2016-10-27,123.89,123.89
2016-10-28,123.9099,123.9099
2016-10-31,123.9727,123.9727
2016-11-01,123.9632,123.9632
2016-11-02,123.9559,123.9559
2016-11-03,123.9814,123.9814
2016-11-04,123.9961,123.9961
2016-11-07,124.0151,124.0151
2016-11-08,124.0094,124.0094
2016-11-09,124.0077,124.0077
2016-11-10,123.8766,123.8766
2016-11-11,123.8386,123.8386
2016-11-14,123.7941,123.7941
2016-11-15,123.6626,123.6626
2016-11-16,123.5689,123.5689
2016-11-17,123.4743,123.4743
2016-11-18,123.3538,123.3538
2016-11-21,123.3613,123.3613
2016-11-22,123.3784,123.3784
2016-11-23,123.5103,123.5103
2016-11-24,123.5042,123.5042
2016-11-25,123.5392,123.5392
2016-11-28,123.525,123.525
2016-11-29,123.3813,123.3813
2016-11-30,123.1814,123.1814
2016-12-01,122.9313,122.9313
2016-12-02,122.7214,122.7214
2016-12-05,122.5855,122.5855
2016-12-06,122.3512,122.3512
2016-12-07,122.1541,122.1541
2016-12-08,122.1734,122.1734
2016-12-09,122.1801,122.1801
2016-12-12,122.017,122.017
2016-12-13,121.6798,121.6798
2016-12-14,121.3674,121.3674
2016-12-15,120.5761,120.5761
2016-12-16,120.3465,120.3465
2016-12-19,120.2091,120.2091
2016-12-20,120.0025,120.0025
2016-12-21,120.3544,120.3544
2016-12-22,120.7083,120.7083
2016-12-23,121.0021,121.0021
2016-12-26,121.2023,121.2023
2016-12-27,121.2349,121.2349
2016-12-28,121.258,121.258
2016-12-29,121.4187,121.4187
2016-12-30,121.5189,121.5189
2017-01-03,121.6051,121.6051
2017-01-04,121.599,121.599
2017-01-05,121.3698,121.3698
2017-01-06,121.4948,121.4948
2017-01-09,121.5327,121.5327
2017-01-10,121.6515,121.6515
2017-01-11,121.7148,121.7148
2017-01-12,121.6674,121.6674
2017-01-13,121.71,121.71
2017-01-16,121.6853,121.6853
2017-01-17,121.5223,121.5223
2017-01-18,121.3936,121.3936
2017-01-19,121.3498,121.3498
2017-01-20,121.4539,121.4539
2017-01-23,121.5649,121.5649
2017-01-24,121.4772,121.4772
2017-01-25,121.1927,121.1927
2017-01-26,121.17,121.17
2017-02-03,121.1041,121.1041
2017-02-06,120.63,120.63
2017-02-07,120.3907,120.3907
2017-02-08,120.3321,120.3321
2017-02-09,120.5362,120.5362
2017-02-10,120.5987,120.5987
2017-02-13,120.5474,120.5474
2017-02-14,120.6168,120.6168
2017-02-15,120.5986,120.5986
2017-02-16,120.6394,120.6394
2017-02-17,120.7371,120.7371
2017-02-20,120.9216,120.9216
2017-02-21,120.905,120.905
2017-02-22,120.8963,120.8963
2017-02-23,120.9491,120.9491
2017-02-24,120.9923,120.9923
2017-02-27,121.0538,121.0538
2017-02-28,121.0202,121.0202
2017-03-01,120.9813,120.9813
2017-03-02,120.8605,120.8605
2017-03-03,120.8992,120.8992
2017-03-06,120.8873,120.8873
2017-03-07,120.8932,120.8932
2017-03-08,120.8342,120.8342
2017-03-09,120.6969,120.6969
2017-03-10,120.703,120.703
2017-03-13,120.7463,120.7463
2017-03-14,120.7604,120.7604
2017-03-15,120.8109,120.8109
2017-03-16,120.9534,120.9534
2017-03-17,120.9416,120.9416
2017-03-20,120.9713,120.9713
2017-03-21,120.9256,120.9256
2017-03-22,120.9806,120.9806
2017-03-23,120.9399,120.9399
2017-03-24,121.007,121.007
2017-03-27,121.1501,121.1501
2017-03-28,121.189,121.189
2017-03-29,121.2039,121.2039
2017-03-30,121.1833,121.1833
2017-03-31,121.1962,121.1962
2017-04-05,121.3012,121.3012
2017-04-06,121.2865,121.2865
2017-04-07,121.3224,121.3224
2017-04-10,121.3491,121.3491
2017-04-11,121.3525,121.3525
2017-04-12,121.359,121.359
2017-04-13,121.3445,121.3445
2017-04-14,121.316,121.316
2017-04-17,121.1478,121.1478
2017-04-18,120.99,120.99
2017-04-19,121.0481,121.0481
2017-04-20,121.0276,121.0276
2017-04-21,120.9852,120.9852
2017-04-24,120.8586,120.8586
2017-04-25,120.8246,120.8246
2017-04-26,120.8976,120.8976
2017-04-27,120.9146,120.9146
2017-04-28,120.9471,120.9471
2017-05-02,120.9604,120.9604
2017-05-03,120.9104,120.9104
2017-05-04,120.8176,120.8176
2017-05-05,120.7034,120.7034
2017-05-08,120.6112,120.6112
2017-05-09,120.5104,120.5104
2017-05-10,120.3678,120.3678
2017-05-11,120.2563,120.2563
2017-05-12,120.256,120.256
2017-05-15,120.3082,120.3082
2017-05-16,120.3238,120.3238
2017-05-17,120.3107,120.3107
2017-05-18,120.3715,120.3715
2017-05-19,120.3846,120.3846
2017-05-22,120.3713,120.3713
2017-05-23,120.3228,120.3228
2017-05-24,120.3523,120.3523
2017-05-25,120.3808,120.3808
2017-05-26,120.4264,120.4264
2017-05-31,120.521,120.521
2017-06-01,120.5406,120.5406
2017-06-02,120.5789,120.5789
2017-06-05,120.6626,120.6626
2017-06-06,120.6907,120.6907
2017-06-07,120.6949,120.6949
2017-06-08,120.7232,120.7232
2017-06-09,120.7538,120.7538
2017-06-12,120.8723,120.8723
2017-06-13,121.0496,121.0496
2017-06-14,121.1128,121.1128
2017-06-15,121.2254,121.2254
2017-06-16,121.2467,121.2467
2017-06-19,121.3878,121.3878
2017-06-20,121.597,121.597
2017-06-21,121.6085,121.6085
2017-06-22,121.6656,121.6656
2017-06-23,121.599,121.599
2017-06-26,121.6952,121.6952
2017-06-27,121.7944,121.7944
2017-06-28,121.8839,121.8839
2017-06-29,121.9022,121.9022
2017-06-30,121.9304,121.9304
2017-07-03,121.9457,121.9457
2017-07-04,121.9331,121.9331
2017-07-05,121.9443,121.9443
2017-07-06,121.9954,121.9954
2017-07-07,122.0486,122.0486
2017-07-10,122.0706,122.0706
2017-07-11,122.0951,122.0951
2017-07-12,122.1082,122.1082
2017-07-13,122.1804,122.1804
2017-07-14,122.2463,122.2463
2017-07-17,122.3261,122.3261
2017-07-18,122.3212,122.3212
2017-07-19,122.3097,122.3097
2017-07-20,122.352,122.352
2017-07-21,122.393,122.393
2017-07-24,122.4428,122.4428
2017-07-25,122.4676,122.4676
2017-07-26,122.451,122.451
2017-07-27,122.431,122.431
2017-07-28,122.4495,122.4495
2017-07-31,122.5114,122.5114
2017-08-01,122.4891,122.4891
2017-08-02,122.4772,122.4772
2017-08-03,122.4811,122.4811
2017-08-04,122.5052,122.5052
2017-08-07,122.4886,122.4886
2017-08-08,122.4169,122.4169
2017-08-09,122.3875,122.3875
2017-08-10,122.4345,122.4345
2017-08-11,122.4274,122.4274
2017-08-14,122.5327,122.5327
2017-08-15,122.5821,122.5821
2017-08-16,122.5909,122.5909
2017-08-17,122.5726,122.5726
2017-08-18,122.5789,122.5789
2017-08-21,122.5796,122.5796
2017-08-22,122.5295,122.5295
2017-08-23,122.5007,122.5007
2017-08-24,122.449,122.449
2017-08-25,122.3717,122.3717
2017-08-28,122.3291,122.3291
2017-08-29,122.2441,122.2441
2017-08-30,122.264,122.264
2017-08-31,122.2738,122.2738
2017-09-01,122.2905,122.2905
2017-09-04,122.315,122.315
2017-09-05,122.295,122.295
2017-09-06,122.3175,122.3175
2017-09-07,122.3759,122.3759
2017-09-08,122.4745,122.4745
2017-09-11,122.5258,122.5258
2017-09-12,122.5223,122.5223
2017-09-13,122.5242,122.5242
2017-09-14,122.5408,122.5408
2017-09-15,122.5913,122.5913
2017-09-18,122.6434,122.6434
2017-09-19,122.6361,122.6361
2017-09-20,122.6397,122.6397
2017-09-21,122.6488,122.6488
2017-09-22,122.6526,122.6526
2017-09-25,122.7222,122.7222
2017-09-26,122.748,122.748
2017-09-27,122.7432,122.7432
2017-09-28,122.7556,122.7556
2017-09-29,122.7946,122.7946
2017-10-09,122.9119,122.9119
2017-10-10,122.8849,122.8849
2017-10-11,122.8933,122.8933
2017-10-12,122.8841,122.8841
2017-10-13,122.8616,122.8616
2017-10-16,122.8389,122.8389
2017-10-17,122.7192,122.7192
2017-10-18,122.7153,122.7153
2017-10-19,122.7684,122.7684
2017-10-20,122.8173,122.8173
2017-10-23,122.7934,122.7934
2017-10-24,122.8445,122.8445
2017-10-25,122.7312,122.7312
2017-10-26,122.6695,122.6695
2017-10-27,122.6239,122.6239
2017-10-30,122.322,122.322
2017-10-31,122.2678,122.2678
2017-11-01,122.3265,122.3265
2017-11-02,122.3608,122.3608
2017-11-03,122.3671,122.3671
2017-11-06,122.3656,122.3656
2017-11-07,122.3334,122.3334
2017-11-08,122.2636,122.2636
2017-11-09,122.2772,122.2772
2017-11-10,122.2434,122.2434
2017-11-13,122.0494,122.0494
2017-11-14,121.8948,121.8948
2017-11-15,121.8743,121.8743
2017-11-16,121.8695,121.8695
2017-11-17,121.9049,121.9049
2017-11-20,121.9164,121.9164
2017-11-21,121.8195,121.8195
2017-11-22,121.4956,121.4956
2017-11-23,121.3085,121.3085
2017-11-24,121.3329,121.3329
2017-11-27,121.4334,121.4334
2017-11-28,121.4029,121.4029
2017-11-29,121.4029,121.4029
2017-11-30,121.4671,121.4671
2017-12-01,121.5035,121.5035
2017-12-04,121.6035,121.6035
2017-12-05,121.6802,121.6802
2017-12-06,121.6936,121.6936
2017-12-07,121.7459,121.7459
2017-12-08,121.7665,121.7665
2017-12-11,121.7663,121.7663
2017-12-12,121.6566,121.6566
2017-12-13,121.6594,121.6594
2017-12-14,121.6558,121.6558
2017-12-15,121.6834,121.6834
2017-12-18,121.7283,121.7283
2017-12-19,121.7366,121.7366
2017-12-20,121.7305,121.7305
2017-12-21,121.7108,121.7108
2017-12-22,121.736,121.736
2017-12-25,121.7581,121.7581
2017-12-26,121.7632,121.7632
2017-12-27,121.7165,121.7165
2017-12-28,121.6893,121.6893
2017-12-29,121.7975,121.7975
2018-01-02,121.822,121.822
2018-01-03,121.8714,121.8714
2018-01-04,121.8584,121.8584
2018-01-05,121.9022,121.9022
2018-01-08,121.9567,121.9567
2018-01-09,121.9775,121.9775
2018-01-10,121.8762,121.8762
2018-01-11,121.7499,121.7499
2018-01-12,121.7268,121.7268
2018-01-15,121.714,121.714
2018-01-16,121.6702,121.6702
2018-01-17,121.6224,121.6224
2018-01-18,121.5303,121.5303
2018-01-19,121.4869,121.4869
2018-01-22,121.5227,121.5227
2018-01-23,121.5791,121.5791
2018-01-24,121.6303,121.6303
2018-01-25,121.6495,121.6495
2018-01-26,121.7068,121.7068
2018-01-29,121.7431,121.7431
2018-01-30,121.7567,121.7567
2018-01-31,121.785,121.785
2018-02-01,121.9128,121.9128
2018-02-02,121.9476,121.9476
2018-02-05,121.9944,121.9944
2018-02-06,122.1278,122.1278
2018-02-07,122.2034,122.2034
2018-02-08,122.2376,122.2376
2018-02-09,122.2639,122.2639
2018-02-12,122.3461,122.3461
2018-02-13,122.3734,122.3734
2018-02-14,122.4218,122.4218
2018-02-22,122.5186,122.5186
2018-02-23,122.5221,122.5221
2018-02-26,122.6462,122.6462
2018-02-27,122.8064,122.8064
2018-02-28,122.8801,122.8801
2018-03-01,122.9322,122.9322
2018-03-02,122.9437,122.9437
2018-03-05,122.9567,122.9567
2018-03-06,122.9422,122.9422
2018-03-07,123.0051,123.0051
2018-03-08,123.0905,123.0905
2018-03-09,123.1407,123.1407
2018-03-12,123.1761,123.1761
2018-03-13,123.1849,123.1849
2018-03-14,123.1622,123.1622
2018-03-15,123.1901,123.1901
2018-03-16,123.2317,123.2317
2018-03-19,123.3059,123.3059
2018-03-20,123.3468,123.3468
2018-03-21,123.4195,123.4195
2018-03-22,123.5068,123.5068
2018-03-23,123.9942,123.9942
2018-03-26,124.0774,124.0774
2018-03-27,124.0258,124.0258
2018-03-28,124.0582,124.0582
2018-03-29,124.0934,124.0934
2018-03-30,124.1884,124.1884
2018-04-02,124.3023,124.3023
2018-04-03,124.4108,124.4108
2018-04-04,124.539,124.539
2018-04-09,124.9258,124.9258
2018-04-10,124.9627,124.9627
2018-04-11,124.89,124.89
2018-04-12,124.9411,124.9411
2018-04-13,124.9361,124.9361
2018-04-16,125.007,125.007
2018-04-17,125.1036,125.1036
2018-04-18,125.9462,125.9462
2018-04-19,126.0753,126.0753
2018-04-20,125.9725,125.9725
2018-04-23,125.8963,125.8963
2018-04-24,125.8162,125.8162
2018-04-25,125.8658,125.8658
2018-04-26,125.7724,125.7724
2018-04-27,125.6852,125.6852
2018-05-02,125.7119,125.7119
2018-05-03,125.6425,125.6425
2018-05-04,125.7702,125.7702
2018-05-07,125.7942,125.7942
2018-05-08,125.7184,125.7184
2018-05-09,125.6491,125.6491
2018-05-10,125.5623,125.5623
2018-05-11,125.5816,125.5816
2018-05-14,125.6129,125.6129
2018-05-15,125.5634,125.5634
2018-05-16,125.4907,125.4907
2018-05-17,125.4828,125.4828
2018-05-18,125.4722,125.4722
2018-05-21,125.5634,125.5634
2018-05-22,125.6296,125.6296
2018-05-23,125.729,125.729
2018-05-24,125.8763,125.8763
2018-05-25,125.9249,125.9249
2018-05-28,126.0466,126.0466
2018-05-29,126.0738,126.0738
2018-05-30,126.1653,126.1653
2018-05-31,126.1196,126.1196
2018-06-01,126.1018,126.1018
2018-06-04,126.1168,126.1168
2018-06-05,126.0901,126.0901
2018-06-06,126.0512,126.0512
2018-06-07,126.0769,126.0769
2018-06-08,126.0979,126.0979
2018-06-11,126.1679,126.1679
2018-06-12,126.1493,126.1493
2018-06-13,126.1549,126.1549
2018-06-14,126.2075,126.2075
2018-06-15,126.2983,126.2983
2018-06-19,126.388,126.388
2018-06-20,126.5613,126.5613
2018-06-21,126.5806,126.5806
2018-06-22,126.5941,126.5941
2018-06-25,126.7664,126.7664
2018-06-26,126.7982,126.7982
2018-06-27,126.7878,126.7878
2018-06-28,126.9949,126.9949
2018-06-29,127.3,127.3
2018-07-02,127.5152,127.5152
2018-07-03,127.6477,127.6477
2018-07-04,127.6604,127.6604
2018-07-05,127.7652,127.7652
2018-07-06,127.8589,127.8589
2018-07-09,127.8937,127.8937
2018-07-10,127.8257,127.8257
2018-07-11,127.8026,127.8026
2018-07-12,127.8642,127.8642
2018-07-13,127.9023,127.9023
2018-07-16,128.0601,128.0601
2018-07-17,128.0873,128.0873
2018-07-18,128.13,128.13
2018-07-19,128.2627,128.2627
2018-07-20,128.5409,128.5409
2018-07-23,128.5284,128.5284
2018-07-24,128.4143,128.4143
2018-07-25,128.3633,128.3633
2018-07-26,128.3742,128.3742
2018-07-27,128.4895,128.4895
2018-07-30,128.6078,128.6078
2018-07-31,128.8062,128.8062
2018-08-01,128.9115,128.9115
2018-08-02,129.0095,129.0095
2018-08-03,129.1319,129.1319
2018-08-06,129.3457,129.3457
2018-08-07,129.523,129.523
2018-08-08,129.5501,129.5501
2018-08-09,129.2744,129.2744
2018-08-10,129.0483,129.0483
2018-08-13,129.0143,129.0143
2018-08-14,128.8155,128.8155
2018-08-15,128.9721,128.9721
2018-08-16,128.9135,128.9135
2018-08-17,128.7339,128.7339
2018-08-20,128.6731,128.6731
2018-08-21,128.5266,128.5266
2018-08-22,128.5229,128.5229
2018-08-23,128.7284,128.7284
2018-08-24,128.8478,128.8478
2018-08-27,128.8547,128.8547
2018-08-28,128.7468,128.7468
2018-08-29,128.7654,128.7654
2018-08-30,128.809,128.809
2018-08-31,128.8674,128.8674
2018-09-03,128.932,128.932
2018-09-04,128.8663,128.8663
2018-09-05,128.8935,128.8935
2018-09-06,128.8999,128.8999
2018-09-07,128.8788,128.8788
2018-09-10,128.825,128.825
2018-09-11,128.7705,128.7705
2018-09-12,128.7679,128.7679
2018-09-13,128.8162,128.8162
2018-09-14,128.8476,128.8476
2018-09-17,128.9186,128.9186
2018-09-18,128.9612,128.9612
2018-09-19,128.9681,128.9681
2018-09-20,128.9226,128.9226
2018-09-21,128.9584,128.9584
2018-09-25,128.9942,128.9942
2018-09-26,129.0411,129.0411
2018-09-27,129.1367,129.1367
2018-09-28,129.2392,129.2392
2018-10-08,129.4617,129.4617
2018-10-09,129.5029,129.5029
2018-10-10,129.5476,129.5476
2018-10-11,129.6785,129.6785
2018-10-12,129.7747,129.7747
2018-10-15,129.832,129.832
2018-10-16,129.8581,129.8581
2018-10-17,129.8733,129.8733
2018-10-18,129.9517,129.9517
2018-10-19,130.0311,130.0311
2018-10-22,129.9889,129.9889
2018-10-23,129.9854,129.9854
2018-10-24,130.0772,130.0772
2018-10-25,130.1986,130.1986
2018-10-26,130.2945,130.2945
2018-10-29,130.339,130.339
2018-10-30,130.4968,130.4968
2018-10-31,130.5305,130.5305
2018-11-01,130.5581,130.5581
2018-11-02,130.5629,130.5629
2018-11-05,130.5567,130.5567
2018-11-06,130.6579,130.6579
2018-11-07,130.7472,130.7472
2018-11-08,130.816,130.816
2018-11-09,130.8353,130.8353
2018-11-12,130.8504,130.8504
2018-11-13,130.8619,130.8619
2018-11-14,131.0724,131.0724
2018-11-15,131.1495,131.1495
2018-11-16,131.3431,131.3431
2018-11-19,131.4827,131.4827
2018-11-20,131.5163,131.5163
2018-11-21,131.5281,131.5281
2018-11-22,131.5063,131.5063
2018-11-23,131.4655,131.4655
2018-11-26,131.4647,131.4647
2018-11-27,131.4437,131.4437
2018-11-28,131.4269,131.4269
2018-11-29,131.5262,131.5262
2018-11-30,131.6047,131.6047
2018-12-03,131.6366,131.6366
2018-12-04,131.7789,131.7789
2018-12-05,131.9584,131.9584
2018-12-06,132.0205,132.0205
2018-12-07,132.0664,132.0664
2018-12-10,132.1841,132.1841
2018-12-11,132.2474,132.2474
2018-12-12,132.2593,132.2593
2018-12-13,132.116,132.116
2018-12-14,131.9752,131.9752
2018-12-17,131.9167,131.9167
2018-12-18,131.7947,131.7947
2018-12-19,131.9069,131.9069
2018-12-20,132.1179,132.1179
2018-12-21,132.1157,132.1157
2018-12-24,132.1643,132.1643
2018-12-25,132.1736,132.1736
2018-12-26,132.2177,132.2177
2018-12-27,132.2984,132.2984
2018-12-28,132.4971,132.4971
2019-01-02,132.8326,132.8326
2019-01-03,133.0889,133.0889
2019-01-04,133.2008,133.2008
2019-01-07,133.2695,133.2695
2019-01-08,133.4396,133.4396
2019-01-09,133.4958,133.4958
2019-01-10,133.4515,133.4515
2019-01-11,133.4176,133.4176
2019-01-14,133.4235,133.4235
2019-01-15,133.3409,133.3409
2019-01-16,133.4298,133.4298
2019-01-17,133.5625,133.5625
2019-01-18,133.5688,133.5688
2019-01-21,133.5199,133.5199
2019-01-22,133.4629,133.4629
2019-01-23,133.4517,133.4517
2019-01-24,133.4391,133.4391
2019-01-25,133.3796,133.3796
2019-01-28,133.3619,133.3619
2019-01-29,133.4017,133.4017
2019-01-30,133.5237,133.5237
2019-01-31,133.6604,133.6604
2019-02-01,133.7328,133.7328
2019-02-11,133.9063,133.9063
2019-02-12,133.9913,133.9913
2019-02-13,133.9828,133.9828
2019-02-14,133.9706,133.9706
2019-02-15,133.9742,133.9742
2019-02-18,133.9499,133.9499
2019-02-19,133.8582,133.8582
2019-02-20,133.8573,133.8573
2019-02-21,133.8945,133.8945
2019-02-22,133.887,133.887
2019-02-25,133.8016,133.8016
2019-02-26,133.632,133.632
2019-02-27,133.6601,133.6601
2019-02-28,133.6651,133.6651
2019-03-01,133.6116,133.6116
2019-03-04,133.5389,133.5389
2019-03-05,133.5194,133.5194
2019-03-06,133.5194,133.5194
2019-03-07,133.5913,133.5913
2019-03-08,133.7861,133.7861
2019-03-11,133.8548,133.8548
2019-03-12,133.7763,133.7763
2019-03-13,133.7772,133.7772
2019-03-14,133.768,133.768
2019-03-15,133.684,133.684
2019-03-18,133.7103,133.7103
2019-03-19,133.6662,133.6662
2019-03-20,133.6814,133.6814
2019-03-21,133.7332,133.7332
2019-03-22,133.7425,133.7425
2019-03-25,133.9334,133.9334
2019-03-26,133.9624,133.9624
2019-03-27,133.9647,133.9647
2019-03-28,133.9931,133.9931
2019-03-29,134.0386,134.0386
2019-04-01,134.0023,134.0023
2019-04-02,133.8189,133.8189
2019-04-03,133.7044,133.7044
2019-04-04,133.6023,133.6023
2019-04-08,133.5777,133.5777
2019-04-09,133.5376,133.5376
2019-04-10,133.4636,133.4636
2019-04-11,133.5256,133.5256
2019-04-12,133.549,133.549
2019-04-15,133.3987,133.3987
2019-04-16,133.2742,133.2742
2019-04-17,133.237,133.237
2019-04-18,133.3544,133.3544
2019-04-19,133.4662,133.4662
2019-04-22,133.4562,133.4562
2019-04-23,133.4282,133.4282
2019-04-24,133.3311,133.3311
2019-04-25,133.3068,133.3068
2019-04-26,133.3335,133.3335
2019-04-29,133.4032,133.4032
2019-04-30,133.4204,133.4204
2019-05-06,133.6901,133.6901
2019-05-07,133.7997,133.7997
2019-05-08,133.8337,133.8337
2019-05-09,133.9835,133.9835
2019-05-10,134.0354,134.0354
2019-05-13,134.1445,134.1445
2019-05-14,134.2584,134.2584
2019-05-15,134.2099,134.2099
2019-05-16,134.251,134.251
2019-05-17,134.2749,134.2749
2019-05-20,134.3506,134.3506
2019-05-21,134.3304,134.3304
2019-05-22,134.2546,134.2546
2019-05-23,134.2388,134.2388
2019-05-24,134.2921,134.2921
2019-05-27,134.2571,134.2571
2019-05-28,134.1481,134.1481
2019-05-29,134.2816,134.2816
2019-05-30,134.3374,134.3374
2019-05-31,134.3562,134.3562
2019-06-03,134.4511,134.4511
2019-06-04,134.5178,134.5178
2019-06-05,134.5835,134.5835
2019-06-06,134.6222,134.6222
2019-06-10,134.6589,134.6589
2019-06-11,134.6036,134.6036
2019-06-12,134.5565,134.5565
2019-06-13,134.5974,134.5974
2019-06-14,134.646,134.646
2019-06-17,134.7889,134.7889
2019-06-18,134.869,134.869
2019-06-19,134.9142,134.9142
2019-06-20,134.97,134.97
2019-06-21,135.0112,135.0112
2019-06-24,135.0581,135.0581
2019-06-25,135.0494,135.0494
2019-06-26,135.0959,135.0959
2019-06-27,135.1185,135.1185
2019-06-28,135.1671,135.1671
2019-07-01,135.2558,135.2558
2019-07-02,135.4068,135.4068
2019-07-03,135.5972,135.5972
2019-07-04,135.6975,135.6975
2019-07-05,135.6977,135.6977
2019-07-08,135.6535,135.6535
2019-07-09,135.6237,135.6237
2019-07-10,135.6612,135.6612
2019-07-11,135.6833,135.6833
2019-07-12,135.7281,135.7281
2019-07-15,135.8088,135.8088
2019-07-16,135.7684,135.7684
2019-07-17,135.7871,135.7871
2019-07-18,135.8156,135.8156
2019-07-19,135.8652,135.8652
2019-07-22,135.9196,135.9196
2019-07-23,136.0145,136.0145
2019-07-24,136.0259,136.0259
2019-07-25,136.0289,136.0289
2019-07-26,136.0433,136.0433
2019-07-29,136.0628,136.0628
2019-07-30,136.0443,136.0443
2019-07-31,136.0854,136.0854
2019-08-01,136.171,136.171
2019-08-02,136.3271,136.3271
2019-08-05,136.4425,136.4425
2019-08-06,136.6113,136.6113
2019-08-07,136.5975,136.5975
2019-08-08,136.6324,136.6324
2019-08-09,136.644,136.644
2019-08-12,136.7,136.7
2019-08-13,136.7557,136.7557
2019-08-14,136.7945,136.7945
2019-08-15,136.8412,136.8412
2019-08-16,136.8404,136.8404
2019-08-19,136.865,136.865
2019-08-20,136.9046,136.9046
2019-08-21,136.8683,136.8683
2019-08-22,136.7942,136.7942
2019-08-23,136.7997,136.7997
2019-08-26,136.8878,136.8878
2019-08-27,136.9072,136.9072
2019-08-28,136.8887,136.8887
2019-08-29,136.8159,136.8159
2019-08-30,136.7391,136.7391
2019-09-02,136.6856,136.6856
2019-09-03,136.629,136.629
2019-09-04,136.6575,136.6575
2019-09-05,136.8334,136.8334
2019-09-06,136.9246,136.9246
2019-09-09,137.0006,137.0006
2019-09-10,136.9747,136.9747
2019-09-11,136.9476,136.9476
2019-09-12,136.9051,136.9051
2019-09-16,136.804,136.804
2019-09-17,136.8573,136.8573
2019-09-18,136.829,136.829
2019-09-19,136.7433,136.7433
2019-09-20,136.7636,136.7636
2019-09-23,136.8185,136.8185
2019-09-24,136.8329,136.8329
2019-09-25,136.8248,136.8248
2019-09-26,136.8,136.8
2019-09-27,136.7623,136.7623
2019-09-30,136.7786,136.7786
2019-10-08,136.9097,136.9097
2019-10-09,136.9834,136.9834
2019-10-10,136.9924,136.9924
2019-10-11,136.9635,136.9635
2019-10-14,137.0135,137.0135
2019-10-15,137.049,137.049
2019-10-16,137.0509,137.0509
2019-10-17,137.0526,137.0526
2019-10-18,137.0898,137.0898
2019-10-21,137.0535,137.0535
2019-10-22,136.9922,136.9922
2019-10-23,137.0089,137.0089
2019-10-24,137.0401,137.0401
2019-10-25,137.0614,137.0614
2019-10-28,136.9842,136.9842
2019-10-29,136.861,136.861
2019-10-30,136.5647,136.5647
2019-10-31,136.617,136.617
2019-11-01,136.6926,136.6926
2019-11-04,136.7271,136.7271
2019-11-05,136.7205,136.7205
2019-11-06,136.8909,136.8909
2019-11-07,136.9837,136.9837
2019-11-08,136.933,136.933
2019-11-11,136.9903,136.9903
2019-11-12,137.1484,137.1484
2019-11-13,137.1507,137.1507
2019-11-14,137.2196,137.2196
2019-11-15,137.2619,137.2619
2019-11-18,137.4328,137.4328
2019-11-19,137.653,137.653
2019-11-20,137.7976,137.7976
2019-11-21,137.8673,137.8673
2019-11-22,137.8749,137.8749
2019-11-25,137.8808,137.8808
2019-11-26,137.7976,137.7976
2019-11-27,137.8151,137.8151
2019-11-28,137.8481,137.8481
2019-11-29,137.8861,137.8861
2019-12-02,137.9211,137.9211
2019-12-03,137.9082,137.9082
2019-12-04,138.0031,138.0031
2019-12-05,138.0295,138.0295
2019-12-06,138.0445,138.0445
2019-12-09,138.06,138.06
2019-12-10,138.0796,138.0796
2019-12-11,138.125,138.125
2019-12-12,138.2006,138.2006
2019-12-13,138.2416,138.2416
2019-12-16,138.2864,138.2864
2019-12-17,138.2812,138.2812
2019-12-18,138.2701,138.2701
2019-12-19,138.302,138.302
2019-12-20,138.3985,138.3985
2019-12-23,138.5473,138.5473
2019-12-24,138.7077,138.7077
2019-12-25,138.7819,138.7819
2019-12-26,138.8366,138.8366
2019-12-27,138.8978,138.8978
2019-12-30,138.9194,138.9194
2019-12-31,138.9015,138.9015
2020-01-02,138.9532,138.9532
2020-01-03,138.883,138.883
2020-01-06,138.9176,138.9176
2020-01-07,138.9557,138.9557
2020-01-08,138.998,138.998
2020-01-09,139.0061,139.0061
2020-01-10,139.0832,139.0832
2020-01-13,139.1644,139.1644
2020-01-14,139.1695,139.1695
2020-01-15,139.1473,139.1473
2020-01-16,139.1578,139.1578
2020-01-17,139.1762,139.1762
2020-01-20,139.3114,139.3114
2020-01-21,139.423,139.423
2020-01-22,139.5597,139.5597
2020-01-23,139.613,139.613
2020-02-03,140.6205,140.6205
2020-02-04,140.546,140.546
2020-02-05,140.7176,140.7176
2020-02-06,140.5985,140.5985
2020-02-07,140.6176,140.6176
2020-02-10,140.8553,140.8553
2020-02-11,140.8807,140.8807
2020-02-12,140.8225,140.8225
2020-02-13,140.9089,140.9089
2020-02-14,140.9012,140.9012
2020-02-17,140.8687,140.8687
2020-02-18,140.8399,140.8399
2020-02-19,140.8714,140.8714
2020-02-20,140.843,140.843
2020-02-21,140.8299,140.8299
2020-02-24,140.9898,140.9898
2020-02-25,141.0784,141.0784
2020-02-26,141.1064,141.1064
2020-02-27,141.1615,141.1615
2020-02-28,141.2809,141.2809
2020-03-02,141.4217,141.4217
2020-03-03,141.3678,141.3678
2020-03-04,141.5459,141.5459
2020-03-05,141.5829,141.5829
2020-03-06,141.7294,141.7294
2020-03-09,142.2435,142.2435
2020-03-10,142.0544,142.0544
2020-03-11,141.9531,141.9531
2020-03-12,141.9724,141.9724
2020-03-13,141.8751,141.8751
2020-03-16,141.8906,141.8906
2020-03-17,141.7823,141.7823
2020-03-18,141.7153,141.7153
2020-03-19,141.7312,141.7312
2020-03-20,141.7447,141.7447
2020-03-23,141.9248,141.9248
2020-03-24,142.0987,142.0987
2020-03-25,142.1201,142.1201
2020-03-26,142.2981,142.2981
2020-03-27,142.4575,142.4575
2020-03-30,142.5065,142.5065
2020-03-31,142.6287,142.6287
2020-04-01,142.8906,142.8906
2020-04-02,143.0201,143.0201
2020-04-03,142.9497,142.9497
2020-04-07,143.9704,143.9704
2020-04-08,144.478,144.478
2020-04-09,144.5897,144.5897
2020-04-10,144.4902,144.4902
2020-04-13,144.4284,144.4284
2020-04-14,144.4487,144.4487
2020-04-15,144.5949,144.5949
2020-04-16,144.7594,144.7594
2020-04-17,144.6915,144.6915
2020-04-20,144.6733,144.6733
2020-04-21,144.6442,144.6442
2020-04-22,144.8139,144.8139
2020-04-23,145.0899,145.0899
2020-04-24,145.0786,145.0786
2020-04-27,145.0637,145.0637
2020-04-28,145.0632,145.0632
2020-04-29,145.1285,145.1285
2020-04-30,145.1906,145.1906
2020-05-06,145.1117,145.1117
2020-05-07,144.7904,144.7904
2020-05-08,144.5175,144.5175
2020-05-11,144.1235,144.1235
2020-05-12,143.9789,143.9789
2020-05-13,144.0049,144.0049
2020-05-14,143.8916,143.8916
2020-05-15,144.0492,144.0492
2020-05-18,144.026,144.026
2020-05-19,143.7969,143.7969
2020-05-20,143.7719,143.7719
2020-05-21,143.8097,143.8097
2020-05-22,143.9284,143.9284
2020-05-25,143.8765,143.8765
2020-05-26,143.5272,143.5272
2020-05-27,143.1654,143.1654
2020-05-28,143.1347,143.1347
2020-05-29,143.1129,143.1129
2020-06-01,143.1429,143.1429
2020-06-02,142.6729,142.6729
2020-06-03,141.9572,141.9572
2020-06-04,142.0514,142.0514
2020-06-05,141.8119,141.8119
2020-06-08,141.8517,141.8517
2020-06-09,141.9783,141.9783
2020-06-10,142.0029,142.0029
2020-06-11,142.1199,142.1199
2020-06-12,142.4096,142.4096
2020-06-15,142.4674,142.4674
2020-06-16,142.2335,142.2335
2020-06-17,142.0177,142.0177
2020-06-18,141.9552,141.9552
2020-06-19,141.9613,141.9613
2020-06-22,141.8781,141.8781
2020-06-23,141.6134,141.6134
2020-06-24,141.7708,141.7708
2020-06-29,142.0101,142.0101
2020-06-30,142.1331,142.1331
2020-07-01,142.2248,142.2248
2020-07-02,142.2509,142.2509
2020-07-03,142.2504,142.2504
2020-07-06,141.6756,141.6756
2020-07-07,141.309,141.309
2020-07-08,141.2154,141.2154
2020-07-09,140.683,140.683
2020-07-10,140.6515,140.6515
2020-07-13,140.3948,140.3948
2020-07-14,140.3326,140.3326
2020-07-15,140.475,140.475
2020-07-16,140.6663,140.6663
2020-07-17,140.7598,140.7598
2020-07-20,140.8672,140.8672
2020-07-21,141.2066,141.2066
2020-07-22,141.45,141.45
2020-07-23,141.5009,141.5009
2020-07-24,141.5962,141.5962
2020-07-27,141.6976,141.6976
2020-07-28,141.6219,141.6219
2020-07-29,141.4705,141.4705
2020-07-30,141.3772,141.3772
2020-07-31,141.253,141.253
2020-08-03,141.2115,141.2115
2020-08-04,141.2744,141.2744
2020-08-05,141.3388,141.3388
2020-08-06,141.3166,141.3166
2020-08-07,141.3096,141.3096
2020-08-10,141.4221,141.4221
2020-08-11,141.4892,141.4892
2020-08-12,141.4776,141.4776
2020-08-13,141.4678,141.4678
2020-08-14,141.5245,141.5245
2020-08-17,141.6273,141.6273
2020-08-18,141.6021,141.6021
2020-08-19,141.5288,141.5288
2020-08-20,141.3888,141.3888
2020-08-21,141.3407,141.3407
2020-08-24,141.3612,141.3612
2020-08-25,141.1932,141.1932
2020-08-26,141.1071,141.1071
2020-08-27,141.0521,141.0521
2020-08-28,140.9742,140.9742
2020-08-31,141.0447,141.0447
2020-09-01,141.0516,141.0516
2020-09-02,140.9053,140.9053
2020-09-03,140.7828,140.7828
2020-09-04,140.8089,140.8089
2020-09-07,140.6599,140.6599
2020-09-08,140.6852,140.6852
2020-09-09,140.8777,140.8777
2020-09-10,141.0358,141.0358
2020-09-11,141.0194,141.0194
2020-09-14,140.8805,140.8805
2020-09-15,141.061,141.061
2020-09-16,141.131,141.131
2020-09-17,141.1309,141.1309
2020-09-18,141.1255,141.1255
2020-09-21,141.2811,141.2811
2020-09-22,141.3328,141.3328
2020-09-23,141.3321,141.3321
2020-09-24,141.3339,141.3339
2020-09-25,141.2707,141.2707
2020-09-28,141.2428,141.2428
2020-09-29,141.23,141.23
2020-09-30,141.2172,141.2172
2020-10-09,141.2579,141.2579
2020-10-12,141.2501,141.2501
2020-10-13,141.2915,141.2915
2020-10-14,141.295,141.295
2020-10-15,141.2859,141.2859
2020-10-16,141.2981,141.2981
2020-10-19,141.3817,141.3817
2020-10-20,141.4321,141.4321
2020-10-21,141.4954,141.4954
2020-10-22,141.5661,141.5661
2020-10-23,141.5981,141.5981
2020-10-26,141.6183,141.6183
2020-10-27,141.7056,141.7056
2020-10-28,141.728,141.728
2020-10-29,141.7642,141.7642
2020-10-30,141.7973,141.7973
2020-11-02,141.9155,141.9155
2020-11-03,141.999,141.999
2020-11-04,142.0643,142.0643
2020-11-05,142.0261,142.0261
2020-11-06,141.9694,141.9694
2020-11-09,141.8912,141.8912
2020-11-10,141.9092,141.9092
2020-11-11,141.9571,141.9571
2020-11-12,141.8629,141.8629
2020-11-13,141.8523,141.8523
2020-11-16,141.9202,141.9202
2020-11-17,141.8837,141.8837
2020-11-18,141.7978,141.7978
2020-11-19,141.6384,141.6384
2020-11-20,141.6234,141.6234
2020-11-23,141.8426,141.8426
2020-11-24,141.8269,141.8269
2020-11-25,141.9524,141.9524
2020-11-26,141.9725,141.9725
2020-11-27,141.9957,141.9957
2020-11-30,142.2115,142.2115
2020-12-01,142.2391,142.2391
2020-12-02,142.2085,142.2085
2020-12-03,142.1865,142.1865
2020-12-04,142.2406,142.2406
2020-12-07,142.2827,142.2827
2020-12-08,142.3733,142.3733
2020-12-09,142.4115,142.4115
2020-12-10,142.484,142.484
2020-12-11,142.4528,142.4528
2020-12-14,142.476,142.476
2020-12-15,142.561,142.561
2020-12-16,142.6395,142.6395
2020-12-17,142.6764,142.6764
2020-12-18,142.7071,142.7071
2020-12-21,142.8357,142.8357
2020-12-22,143.022,143.022
2020-12-23,143.0725,143.0725
2020-12-24,143.0372,143.0372
2020-12-25,143.062,143.062
2020-12-28,143.1727,143.1727
2020-12-29,143.2519,143.2519
2020-12-30,143.3596,143.3596
2020-12-31,143.4425,143.4425
2021-01-04,143.3655,143.3655
2021-01-05,143.4025,143.4025
2021-01-06,143.4821,143.4821
2021-01-07,143.5487,143.5487
2021-01-08,143.5548,143.5548
2021-01-11,143.5498,143.5498
2021-01-12,143.5931,143.5931
2021-01-13,143.6757,143.6757
2021-01-14,143.7627,143.7627
2021-01-15,143.6329,143.6329
2021-01-18,143.5201,143.5201
2021-01-19,143.4822,143.4822
2021-01-20,143.5201,143.5201
2021-01-21,143.6213,143.6213
2021-01-22,143.6769,143.6769
2021-01-25,143.6858,143.6858
2021-01-26,143.5288,143.5288
2021-01-27,143.3665,143.3665
2021-01-28,143.233,143.233
2021-01-29,143.238,143.238
2021-02-01,143.3783,143.3783
2021-02-02,143.4483,143.4483
2021-02-03,143.2703,143.2703
2021-02-04,143.1463,143.1463
2021-02-05,143.1207,143.1207
2021-02-08,143.136,143.136
2021-02-09,143.1609,143.1609
2021-02-10,143.2316,143.2316
2021-02-18,143.0583,143.0583
2021-02-19,143.202,143.202
2021-02-22,143.2855,143.2855
2021-02-23,143.3022,143.3022
2021-02-24,143.3856,143.3856
2021-02-25,143.4022,143.4022
2021-02-26,143.3839,143.3839
2021-03-01,143.485,143.485
2021-03-02,143.5263,143.5263
2021-03-03,143.5328,143.5328
2021-03-04,143.5286,143.5286
2021-03-05,143.5677,143.5677
2021-03-08,143.6624,143.6624
2021-03-09,143.6668,143.6668
2021-03-10,143.7032,143.7032
2021-03-11,143.7147,143.7147
2021-03-12,143.7013,143.7013
2021-03-15,143.6916,143.6916
2021-03-16,143.7157,143.7157
2021-03-17,143.7539,143.7539
2021-03-18,143.7678,143.7678
2021-03-19,143.817,143.817
2021-03-22,143.9187,143.9187
2021-03-23,143.9378,143.9378
2021-03-24,144.0574,144.0574
2021-03-25,144.1192,144.1192
2021-03-26,144.1121,144.1121
2021-03-29,144.1071,144.1071
2021-03-30,144.1381,144.1381
2021-03-31,144.1821,144.1821
2021-04-01,144.2149,144.2149
2021-04-02,144.2324,144.2324
2021-04-06,144.2549,144.2549
2021-04-07,144.2416,144.2416
2021-04-08,144.2707,144.2707
2021-04-09,144.3261,144.3261
2021-04-12,144.4338,144.4338
2021-04-13,144.6324,144.6324
2021-04-14,144.6518,144.6518
2021-04-15,144.666,144.666
2021-04-16,144.681,144.681
2021-04-19,144.7754,144.7754
2021-04-20,144.8612,144.8612
2021-04-21,144.9403,144.9403
2021-04-22,144.9553,144.9553
2021-04-23,144.9722,144.9722
2021-04-26,144.8668,144.8668
2021-04-27,144.8375,144.8375
2021-04-28,144.8909,144.8909
2021-04-29,144.9433,144.9433
2021-04-30,145.0151,145.0151
2021-05-06,145.1635,145.1635
2021-05-07,145.1777,145.1777
2021-05-10,145.2258,145.2258
2021-05-11,145.3024,145.3024
2021-05-12,145.3342,145.3342
2021-05-13,145.2959,145.2959
2021-05-14,145.3143,145.3143
2021-05-17,145.3192,145.3192
2021-05-18,145.3528,145.3528
2021-05-19,145.4701,145.4701
2021-05-20,145.59,145.59
2021-05-21,145.6912,145.6912
2021-05-24,145.7155,145.7155
2021-05-25,145.7242,145.7242
2021-05-26,145.7808,145.7808
2021-05-27,145.7639,145.7639
2021-05-28,145.736,145.736
2021-05-31,145.8146,145.8146
2021-06-01,145.8444,145.8444
2021-06-02,145.8089,145.8089
2021-06-03,145.8701,145.8701
2021-06-04,145.7898,145.7898
2021-06-07,145.6758,145.6758
2021-06-08,145.6619,145.6619
2021-06-09,145.6865,145.6865
2021-06-10,145.7371,145.7371
2021-06-11,145.6819,145.6819
2021-06-15,145.7322,145.7322
2021-06-16,145.7129,145.7129
2021-06-17,145.6666,145.6666
2021-06-18,145.7114,145.7114
2021-06-21,145.8499,145.8499
2021-06-22,145.8615,145.8615
2021-06-23,145.9204,145.9204
2021-06-24,145.9596,145.9596
2021-06-25,145.9866,145.9866
2021-06-28,145.9873,145.9873
2021-06-29,146.0348,146.0348
2021-06-30,146.1057,146.1057
2021-07-01,146.1129,146.1129
2021-07-02,146.1623,146.1623
2021-07-05,146.2573,146.2573
2021-07-06,146.244,146.244
2021-07-07,146.3478,146.3478
2021-07-08,146.6761,146.6761
2021-07-09,146.5951,146.5951
2021-07-12,146.899,146.899
2021-07-13,147.0043,147.0043
2021-07-14,147.0876,147.0876
2021-07-15,147.0027,147.0027
2021-07-16,147.0514,147.0514
2021-07-19,147.0986,147.0986
2021-07-20,147.2134,147.2134
2021-07-21,147.3038,147.3038
2021-07-22,147.3113,147.3113
2021-07-23,147.4386,147.4386
2021-07-26,147.6606,147.6606
2021-07-27,147.6027,147.6027
2021-07-28,147.4861,147.4861
2021-07-29,147.5851,147.5851
2021-07-30,147.7646,147.7646
2021-08-02,148.0005,148.0005
2021-08-03,147.9256,147.9256
2021-08-04,147.9188,147.9188
2021-08-05,148.0391,148.0391
2021-08-06,148.0242,148.0242
2021-08-09,147.886,147.886
2021-08-10,147.8306,147.8306
2021-08-11,147.8103,147.8103
2021-08-12,147.9147,147.9147
2021-08-13,147.8765,147.8765
2021-08-16,147.8735,147.8735
2021-08-17,147.9411,147.9411
2021-08-18,148.0548,148.0548
2021-08-19,148.1452,148.1452
2021-08-20,148.1277,148.1277
2021-08-23,148.1192,148.1192
2021-08-24,148.176,148.176
2021-08-25,148.2015,148.2015
2021-08-26,148.0703,148.0703
2021-08-27,148.1116,148.1116
2021-08-30,148.2142,148.2142
2021-08-31,148.2294,148.2294
2021-09-01,148.3314,148.3314
2021-09-02,148.3407,148.3407
2021-09-03,148.3336,148.3336
2021-09-06,148.3716,148.3716
2021-09-07,148.3217,148.3217
2021-09-08,148.3021,148.3021
2021-09-09,148.275,148.275
2021-09-10,148.2756,148.2756
2021-09-13,148.2196,148.2196
2021-09-14,148.1903,148.1903
2021-09-15,148.1593,148.1593
2021-09-16,148.1469,148.1469
2021-09-17,148.2102,148.2102
2021-09-22,148.3393,148.3393
2021-09-23,148.3502,148.3502
2021-09-24,148.3355,148.3355
2021-09-27,148.3284,148.3284
2021-09-28,148.295,148.295
2021-09-29,148.3639,148.3639
2021-09-30,148.3824,148.3824
2021-10-08,148.4336,148.4336
2021-10-11,148.2497,148.2497
2021-10-12,148.1721,148.1721
2021-10-13,148.157,148.157
2021-10-14,148.17,148.17
2021-10-15,148.137,148.137
2021-10-18,147.8546,147.8546
2021-10-19,147.8896,147.8896
2021-10-20,147.9643,147.9643
2021-10-21,148.0992,148.0992
2021-10-22,148.1008,148.1008
2021-10-25,148.1542,148.1542
2021-10-26,148.2164,148.2164
2021-10-27,148.2546,148.2546
2021-10-28,148.326,148.326
2021-10-29,148.3526,148.3526
2021-11-01,148.5042,148.5042
2021-11-02,148.652,148.652
2021-11-03,148.6847,148.6847
2021-11-04,148.7599,148.7599
2021-11-05,148.9224,148.9224
2021-11-08,148.9425,148.9425
2021-11-09,148.9233,148.9233
2021-11-10,148.9451,148.9451
2021-11-11,148.8951,148.8951
2021-11-12,148.9422,148.9422
2021-11-15,149.042,149.042
2021-11-16,149.0787,149.0787
2021-11-17,149.0896,149.0896
2021-11-18,149.1418,149.1418
2021-11-19,149.1183,149.1183
2021-11-22,149.2206,149.2206
2021-11-23,149.2408,149.2408
2021-11-24,149.3427,149.3427
2021-11-25,149.3799,149.3799
2021-11-26,149.4963,149.4963
2021-11-29,149.5249,149.5249
2021-11-30,149.5305,149.5305
2021-12-01,149.5087,149.5087
2021-12-02,149.477,149.477
2021-12-03,149.4317,149.4317
2021-12-06,149.7034,149.7034
2021-12-07,149.6358,149.6358
2021-12-08,149.5815,149.5815
2021-12-09,149.6152,149.6152
2021-12-10,149.6993,149.6993
2021-12-13,149.7526,149.7526
2021-12-14,149.8518,149.8518
2021-12-15,149.9234,149.9234
2021-12-16,149.9508,149.9508
2021-12-17,149.9795,149.9795
2021-12-20,149.9637,149.9637
2021-12-21,149.961,149.961
2021-12-22,150.0304,150.0304
2021-12-23,150.1174,150.1174
2021-12-24,150.1361,150.1361
2021-12-27,150.2367,150.2367
2021-12-28,150.314,150.314
2021-12-29,150.4246,150.4246
2021-12-30,150.5233,150.5233
2021-12-31,150.5649,150.5649
2022-01-04,150.6683,150.6683
2022-01-05,150.6568,150.6568
2022-01-06,150.592,150.592
2022-01-07,150.6119,150.6119
2022-01-10,150.7286,150.7286
2022-01-11,150.8015,150.8015
2022-01-12,150.8356,150.8356
2022-01-13,150.8629,150.8629
2022-01-14,150.8583,150.8583
2022-01-17,150.9706,150.9706
2022-01-18,151.1939,151.1939
2022-01-19,151.4126,151.4126
2022-01-20,151.472,151.472
2022-01-21,151.6081,151.6081
2022-01-24,151.868,151.868
2022-01-25,151.8042,151.8042
2022-01-26,151.6978,151.6978
2022-01-27,151.6264,151.6264
2022-01-28,151.7377,151.7377
2022-02-07,151.8444,151.8444
2022-02-08,151.8899,151.8899
2022-02-09,151.864,151.864
2022-02-10,151.8846,151.8846
2022-02-11,151.5367,151.5367
2022-02-14,151.487,151.487
2022-02-15,151.4932,151.4932
2022-02-16,151.5302,151.5302
2022-02-17,151.613,151.613
2022-02-18,151.5443,151.5443
2022-02-21,151.3675,151.3675
2022-02-22,151.1938,151.1938
2022-02-23,151.2274,151.2274
2022-02-24,151.2722,151.2722
2022-02-25,151.3082,151.3082
2022-02-28,151.3777,151.3777
2022-03-01,151.2923,151.2923
2022-03-02,151.187,151.187
2022-03-03,151.0187,151.0187
2022-03-04,151.0428,151.0428
2022-03-07,151.0892,151.0892
2022-03-08,151.1337,151.1337
2022-03-09,151.0613,151.0613
2022-03-10,151.0239,151.0239
2022-03-11,151.1449,151.1449
2022-03-14,151.4905,151.4905
2022-03-15,151.212,151.212
2022-03-16,151.1788,151.1788
2022-03-17,151.2178,151.2178
2022-03-18,151.2653,151.2653
2022-03-21,151.2575,151.2575
2022-03-22,151.1642,151.1642
2022-03-23,151.1766,151.1766
2022-03-24,151.2382,151.2382
2022-03-25,151.2838,151.2838
2022-03-28,151.3234,151.3234
2022-03-29,151.3346,151.3346
2022-03-30,151.4435,151.4435
2022-03-31,151.4434,151.4434
2022-04-01,151.5812,151.5812
2022-04-06,151.7822,151.7822
2022-04-07,151.9098,151.9098
2022-04-08,151.8918,151.8918
2022-04-11,151.8533,151.8533
2022-04-12,151.8615,151.8615
2022-04-13,151.9372,151.9372
2022-04-14,152.0263,152.0263
2022-04-15,152.1048,152.1048
2022-04-18,151.9447,151.9447
2022-04-19,151.9386,151.9386
2022-04-20,151.8887,151.8887
2022-04-21,151.9272,151.9272
2022-04-22,151.9184,151.9184
2022-04-25,152.0424,152.0424
2022-04-26,152.0482,152.0482
2022-04-27,151.9802,151.9802
2022-04-28,151.9069,151.9069
2022-04-29,151.9666,151.9666
2022-05-05,152.0918,152.0918
2022-05-06,152.1106,152.1106
2022-05-09,152.237,152.237
2022-05-10,152.3401,152.3401
2022-05-11,152.304,152.304
2022-05-12,152.3781,152.3781
2022-05-13,152.3693,152.3693
2022-05-16,152.4012,152.4012
2022-05-17,152.4785,152.4785
2022-05-18,152.5643,152.5643
2022-05-19,152.6002,152.6002
2022-05-20,152.5775,152.5775
2022-05-23,152.7068,152.7068
2022-05-24,152.714,152.714
2022-05-25,152.7228,152.7228
2022-05-26,152.9307,152.9307
2022-05-27,152.959,152.959
2022-05-30,152.8765,152.8765
2022-05-31,152.7516,152.7516
2022-06-01,152.6882,152.6882
2022-06-02,152.6406,152.6406
2022-06-06,152.5551,152.5551
2022-06-07,152.5839,152.5839
2022-06-08,152.5982,152.5982
2022-06-09,152.6682,152.6682
2022-06-10,152.6949,152.6949
2022-06-13,152.7107,152.7107
2022-06-14,152.7195,152.7195
2022-06-15,152.7068,152.7068
2022-06-16,152.7743,152.7743
2022-06-17,152.8044,152.8044
2022-06-20,152.7828,152.7828
2022-06-21,152.7931,152.7931
2022-06-22,152.8379,152.8379
2022-06-23,152.8491,152.8491
2022-06-24,152.8075,152.8075
2022-06-27,152.6819,152.6819
2022-06-28,152.6458,152.6458
2022-06-29,152.7095,152.7095
2022-06-30,152.8205,152.8205
2022-07-01,152.8546,152.8546
2022-07-04,152.7579,152.7579
2022-07-05,152.7371,152.7371
2022-07-06,152.7714,152.7714
2022-07-07,152.7885,152.7885
2022-07-08,152.8,152.8
2022-07-11,152.925,152.925
2022-07-12,153.0356,153.0356
2022-07-13,153.089,153.089
2022-07-14,153.194,153.194
2022-07-15,153.2497,153.2497
2022-07-18,153.3253,153.3253
2022-07-19,153.3392,153.3392
2022-07-20,153.4296,153.4296
2022-07-21,153.5245,153.5245
2022-07-22,153.4651,153.4651
2022-07-25,153.5546,153.5546
2022-07-26,153.6744,153.6744
2022-07-27,153.7199,153.7199
2022-07-28,153.6463,153.6463
2022-07-29,153.8147,153.8147
2022-08-01,154.0409,154.0409
2022-08-02,154.1173,154.1173
2022-08-03,154.2204,154.2204
2022-08-04,154.3232,154.3232
2022-08-05,154.2622,154.2622
2022-08-08,154.2458,154.2458
2022-08-09,154.185,154.185
2022-08-10,154.179,154.179
2022-08-11,154.1771,154.1771
2022-08-12,154.1971,154.1971
2022-08-15,154.5711,154.5711
2022-08-16,154.7856,154.7856
2022-08-17,154.8007,154.8007
2022-08-18,154.9308,154.9308
2022-08-19,154.9341,154.9341
2022-08-22,155.0316,155.0316
2022-08-23,155.0968,155.0968
2022-08-24,155.1068,155.1068
2022-08-25,154.977,154.977
2022-08-26,154.9426,154.9426
2022-08-29,155.0837,155.0837
2022-08-30,155.1678,155.1678
2022-08-31,155.1895,155.1895
2022-09-01,155.2706,155.2706
2022-09-02,155.2947,155.2947
2022-09-05,155.4198,155.4198
2022-09-06,155.4816,155.4816
2022-09-07,155.4826,155.4826
2022-09-08,155.4807,155.4807
2022-09-09,155.4054,155.4054
2022-09-13,155.4264,155.4264
2022-09-14,155.3907,155.3907
2022-09-15,155.4179,155.4179
2022-09-16,155.349,155.349
2022-09-19,155.3849,155.3849
2022-09-20,155.4571,155.4571
2022-09-21,155.5342,155.5342
2022-09-22,155.5571,155.5571
2022-09-23,155.471,155.471
2022-09-26,155.3177,155.3177
2022-09-27,155.3166,155.3166
2022-09-28,155.1958,155.1958
2022-09-29,155.1352,155.1352
2022-09-30,155.0447,155.0447
2022-10-10,155.3789,155.3789
2022-10-11,155.3947,155.3947
2022-10-12,155.4352,155.4352
2022-10-13,155.5071,155.5071
2022-10-14,155.6352,155.6352
2022-10-17,155.6968,155.6968
2022-10-18,155.7307,155.7307
2022-10-19,155.7786,155.7786
2022-10-20,155.7485,155.7485
2022-10-21,155.7296,155.7296
2022-10-24,155.81,155.81
2022-10-25,155.752,155.752
2022-10-26,155.8353,155.8353
2022-10-27,155.8851,155.8851
2022-10-28,155.9453,155.9453
2022-10-31,156.0453,156.0453
2022-11-01,155.9836,155.9836
2022-11-02,155.9079,155.9079
2022-11-03,155.9476,155.9476
2022-11-04,155.8513,155.8513
2022-11-07,155.8757,155.8757
2022-11-08,155.8482,155.8482
2022-11-09,155.7958,155.7958
2022-11-10,155.7166,155.7166
2022-11-11,155.5607,155.5607
2022-11-14,154.9629,154.9629
2022-11-15,154.7877,154.7877
2022-11-16,154.6149,154.6149
2022-11-17,154.8417,154.8417
2022-11-18,154.9192,154.9192
2022-11-21,155.1033,155.1033
2022-11-22,155.1386,155.1386
2022-11-23,155.3506,155.3506
2022-11-24,155.4514,155.4514
2022-11-25,155.276,155.276
2022-11-28,155.1649,155.1649
2022-11-29,154.9443,154.9443
2022-11-30,154.8719,154.8719
2022-12-01,155.0011,155.0011
2022-12-02,155.058,155.058
2022-12-05,155.0216,155.0216
2022-12-06,154.8717,154.8717
2022-12-07,154.9422,154.9422
2022-12-08,154.973,154.973
2022-12-09,154.887,154.887
2022-12-12,154.8309,154.8309
2022-12-13,154.6948,154.6948
2022-12-14,154.9186,154.9186
2022-12-15,154.8974,154.8974
2022-12-16,154.8921,154.8921
2022-12-19,155.0435,155.0435
2022-12-20,155.0202,155.0202
2022-12-21,155.085,155.085
2022-12-22,155.1846,155.1846
2022-12-23,155.3777,155.3777
2022-12-26,155.3535,155.3535
2022-12-27,155.1987,155.1987
2022-12-28,155.2381,155.2381
2022-12-29,155.4367,155.4367
2022-12-30,155.5171,155.5171
2023-01-03,155.6252,155.6252
2023-01-04,155.7471,155.7471
2023-01-05,155.7009,155.7009
2023-01-06,155.6012,155.6012
2023-01-09,155.5982,155.5982
2023-01-10,155.4259,155.4259
2023-01-11,155.4572,155.4572
2023-01-12,155.4729,155.4729
2023-01-13,155.4111,155.4111
2023-01-16,155.263,155.263
2023-01-17,155.2724,155.2724
2023-01-18,155.2691,155.2691
2023-01-19,155.2864,155.2864
2023-01-20,155.2707,155.2707
2023-01-30,155.4421,155.4421
2023-01-31,155.5253,155.5253
2023-02-01,155.4893,155.4893
2023-02-02,155.5518,155.5518
2023-02-03,155.6023,155.6023
2023-02-06,155.6006,155.6006
2023-02-07,155.6264,155.6264
2023-02-08,155.6029,155.6029
2023-02-09,155.6603,155.6603
2023-02-10,155.6608,155.6608
2023-02-13,155.7197,155.7197
2023-02-14,155.7528,155.7528
2023-02-15,155.7559,155.7559
2023-02-16,155.784,155.784
2023-02-17,155.761,155.761
2023-02-20,155.6472,155.6472
2023-02-21,155.5853,155.5853
2023-02-22,155.6345,155.6345
2023-02-23,155.6014,155.6014
2023-02-24,155.6005,155.6005
2023-02-27,155.6034,155.6034
2023-02-28,155.6226,155.6226
2023-03-01,155.6323,155.6323
2023-03-02,155.5964,155.5964
2023-03-03,155.5974,155.5974
2023-03-06,155.7821,155.7821
2023-03-07,155.856,155.856
2023-03-08,155.8587,155.8587
2023-03-09,155.8918,155.8918
2023-03-10,155.9527,155.9527
2023-03-13,155.9653,155.9653
2023-03-14,156.0013,156.0013
2023-03-15,156.005,156.005
2023-03-16,156.0785,156.0785
2023-03-17,156.1189,156.1189
2023-03-20,156.2969,156.2969
2023-03-21,156.2781,156.2781
2023-03-22,156.274,156.274
2023-03-23,156.3046,156.3046
2023-03-24,156.265,156.265
2023-03-27,156.3617,156.3617
2023-03-28,156.3784,156.3784
2023-03-29,156.4309,156.4309
2023-03-30,156.4462,156.4462
2023-03-31,156.4866,156.4866
2023-04-03,156.5227,156.5227
2023-04-04,156.5162,156.5162
2023-04-06,156.522,156.522
2023-04-07,156.5682,156.5682
2023-04-10,156.6338,156.6338
2023-04-11,156.7263,156.7263
2023-04-12,156.7922,156.7922
2023-04-13,156.7543,156.7543
2023-04-14,156.7528,156.7528
2023-04-17,156.7247,156.7247
2023-04-18,156.7796,156.7796
2023-04-19,156.8281,156.8281
2023-04-20,156.842,156.842
2023-04-21,156.8709,156.8709
2023-04-24,156.9391,156.9391
2023-04-25,156.9595,156.9595
2023-04-26,157.0213,157.0213
2023-04-27,157.1627,157.1627
2023-04-28,157.1769,157.1769
2023-05-04,157.3703,157.3703
2023-05-05,157.5282,157.5282
2023-05-08,157.4941,157.4941
2023-05-09,157.559,157.559
2023-05-10,157.6932,157.6932
2023-05-11,157.8619,157.8619
2023-05-12,157.8542,157.8542
2023-05-15,157.8316,157.8316
2023-05-16,157.8243,157.8243
2023-05-17,157.7871,157.7871
2023-05-18,157.7788,157.7788
2023-05-19,157.846,157.846
2023-05-22,157.9728,157.9728
2023-05-23,158.0859,158.0859
2023-05-24,158.0562,158.0562
2023-05-25,158.0557,158.0557
2023-05-26,158.0013,158.0013
2023-05-29,158.1058,158.1058
2023-05-30,158.1225,158.1225
2023-05-31,158.2288,158.2288
2023-06-01,158.3056,158.3056
2023-06-02,158.22,158.22
2023-06-05,158.3128,158.3128
2023-06-06,158.4114,158.4114
2023-06-07,158.4677,158.4677
2023-06-08,158.461,158.461
2023-06-09,158.5582,158.5582
2023-06-12,158.6183,158.6183
2023-06-13,158.7918,158.7918
2023-06-14,158.8542,158.8542
2023-06-15,158.6826,158.6826
2023-06-16,158.5627,158.5627
2023-06-19,158.4303,158.4303
2023-06-20,158.5257,158.5257
2023-06-21,158.5849,158.5849
2023-06-26,158.6904,158.6904
2023-06-27,158.6634,158.6634
2023-06-28,158.7285,158.7285
2023-06-29,158.7905,158.7905
2023-06-30,158.9162,158.9162
2023-07-03,158.9538,158.9538
2023-07-04,158.9676,158.9676
2023-07-05,159.0321,159.0321
2023-07-06,159.072,159.072
2023-07-07,159.1191,159.1191
2023-07-10,159.1707,159.1707
2023-07-11,159.2057,159.2057
2023-07-12,159.207,159.207
2023-07-13,159.1674,159.1674
2023-07-14,159.1719,159.1719
2023-07-17,159.2456,159.2456
2023-07-18,159.3146,159.3146
2023-07-19,159.3341,159.3341
2023-07-20,159.3699,159.3699
2023-07-21,159.4396,159.4396
2023-07-24,159.5187,159.5187
2023-07-25,159.1899,159.1899
2023-07-26,159.2925,159.2925
2023-07-27,159.4042,159.4042
2023-07-28,159.3453,159.3453
2023-07-31,159.3302,159.3302
2023-08-01,159.3758,159.3758
2023-08-02,159.4455,159.4455
2023-08-03,159.5615,159.5615
2023-08-04,159.5731,159.5731
2023-08-07,159.625,159.625
2023-08-08,159.6752,159.6752
2023-08-09,159.6913,159.6913
2023-08-10,159.6825,159.6825
2023-08-11,159.7287,159.7287
2023-08-14,159.8457,159.8457
2023-08-15,160.0165,160.0165
2023-08-16,160.1077,160.1077
2023-08-17,160.098,160.098
2023-08-18,160.1431,160.1431
2023-08-21,160.275,160.275
2023-08-22,160.214,160.214
2023-08-23,160.2247,160.2247
2023-08-24,160.2449,160.2449
2023-08-25,160.1586,160.1586
2023-08-28,160.0795,160.0795
2023-08-29,160.03,160.03
2023-08-30,160.1073,160.1073
2023-08-31,160.1669,160.1669
2023-09-01,160.0301,160.0301
2023-09-04,159.8674,159.8674
2023-09-05,159.8919,159.8919
2023-09-06,159.7678,159.7678
2023-09-07,159.643,159.643
2023-09-08,159.6262,159.6262
2023-09-11,159.6225,159.6225
2023-09-12,159.718,159.718
2023-09-13,159.8401,159.8401
2023-09-14,159.9162,159.9162
2023-09-15,159.8216,159.8216
2023-09-18,159.7563,159.7563
2023-09-19,159.7451,159.7451
2023-09-20,159.7412,159.7412
2023-09-21,159.8211,159.8211
2023-09-22,159.7663,159.7663
2023-09-25,159.7058,159.7058
2023-09-26,159.6552,159.6552
2023-09-27,159.6828,159.6828
2023-09-28,159.7937,159.7937
2023-10-09,160.0057,160.0057
2023-10-10,159.932,159.932
2023-10-11,159.7933,159.7933
2023-10-12,159.8243,159.8243
2023-10-13,159.9026,159.9026
2023-10-16,159.9474,159.9474
2023-10-17,159.8555,159.8555
2023-10-18,159.7889,159.7889
2023-10-19,159.6349,159.6349
2023-10-20,159.6813,159.6813
2023-10-23,159.7929,159.7929
2023-10-24,159.7613,159.7613
2023-10-25,159.9002,159.9002
2023-10-26,159.9178,159.9178
2023-10-27,159.9491,159.9491
2023-10-30,160.0266,160.0266
2023-10-31,160.1094,160.1094
2023-11-01,160.0974,160.0974
2023-11-02,160.2132,160.2132
2023-11-03,160.1666,160.1666
2023-11-06,160.1994,160.1994
2023-11-07,160.1425,160.1425
2023-11-08,160.1623,160.1623
2023-11-09,160.1566,160.1566
2023-11-10,160.2023,160.2023
2023-11-13,160.2643,160.2643
2023-11-14,160.2525,160.2525
2023-11-15,160.2943,160.2943
2023-11-16,160.3393,160.3393
2023-11-17,160.3554,160.3554
2023-11-20,160.3583,160.3583
2023-11-21,160.3334,160.3334
2023-11-22,160.2734,160.2734
2023-11-23,160.17,160.17
2023-11-24,160.1654,160.1654
2023-11-27,160.1295,160.1295
2023-11-28,160.1849,160.1849
2023-11-29,160.165,160.165
2023-11-30,160.2321,160.2321
2023-12-01,160.2309,160.2309
2023-12-04,160.2042,160.2042
2023-12-05,160.2123,160.2123
2023-12-06,160.1785,160.1785
2023-12-07,160.2457,160.2457
2023-12-08,160.2914,160.2914
2023-12-11,160.4076,160.4076
2023-12-12,160.4701,160.4701
2023-12-13,160.6439,160.6439
2023-12-14,160.6829,160.6829
2023-12-15,160.7921,160.7921
2023-12-18,160.8799,160.8799
2023-12-19,160.8506,160.8506
2023-12-20,160.833,160.833
2023-12-21,160.9501,160.9501
2023-12-22,161.04,161.04
2023-12-25,161.2055,161.2055
2023-12-26,161.3138,161.3138
2023-12-27,161.4859,161.4859
2023-12-28,161.5246,161.5246
2023-12-29,161.5809,161.5809
2024-01-02,161.5156,161.5156
2024-01-03,161.4553,161.4553
2024-01-04,161.4946,161.4946
2024-01-05,161.5934,161.5934
2024-01-08,161.6168,161.6168
2024-01-09,161.7005,161.7005
2024-01-10,161.6441,161.6441
2024-01-11,161.6245,161.6245
2024-01-12,161.5597,161.5597
2024-01-15,161.6004,161.6004
2024-01-16,161.589,161.589
2024-01-17,161.6824,161.6824
2024-01-18,161.7212,161.7212
2024-01-19,161.8107,161.8107
2024-01-22,161.9144,161.9144
2024-01-23,161.8755,161.8755
2024-01-24,161.9136,161.9136
2024-01-25,162.034,162.034
2024-01-26,162.0443,162.0443
2024-01-29,162.1557,162.1557
2024-01-30,162.3916,162.3916
2024-01-31,162.4862,162.4862
2024-02-01,162.4591,162.4591
2024-02-02,162.4929,162.4929
2024-02-05,162.602,162.602
2024-02-06,162.4085,162.4085
2024-02-07,162.5397,162.5397
2024-02-08,162.5457,162.5457
2024-02-19,162.7167,162.7167
2024-02-20,162.8457,162.8457
2024-02-21,162.8884,162.8884
2024-02-22,163.0045,163.0045
2024-02-23,163.0942,163.0942
2024-02-26,163.2323,163.2323
2024-02-27,163.3054,163.3054
2024-02-28,163.4059,163.4059
2024-02-29,163.54,163.54
2024-03-01,163.3396,163.3396
2024-03-04,163.4501,163.4501
2024-03-05,163.5717,163.5717
2024-03-06,163.8587,163.8587
2024-03-07,163.8987,163.8987
2024-03-08,163.8436,163.8436
2024-03-11,163.7819,163.7819
2024-03-12,163.5202,163.5202
2024-03-13,163.471,163.471
2024-03-14,163.4052,163.4052
2024-03-15,163.4995,163.4995
2024-03-18,163.6721,163.6721
2024-03-19,163.7704,163.7704
2024-03-20,163.7107,163.7107
2024-03-21,163.7708,163.7708
2024-03-22,163.756,163.756
2024-03-25,163.7301,163.7301
2024-03-26,163.7626,163.7626
2024-03-27,163.9251,163.9251
2024-03-28,163.9399,163.9399
2024-03-29,164.0133,164.0133
2024-04-01,163.9487,163.9487
2024-04-02,164.0507,164.0507
2024-04-03,164.1417,164.1417
2024-04-08,164.2785,164.2785
2024-04-09,164.3735,164.3735
2024-04-10,164.3406,164.3406
2024-04-11,164.4502,164.4502
2024-04-12,164.6077,164.6077
2024-04-15,164.649,164.649
2024-04-16,164.6539,164.6539
2024-04-17,164.7387,164.7387
2024-04-18,164.8803,164.8803
2024-04-19,164.9621,164.9621
2024-04-22,165.1034,165.1034
2024-04-23,165.2252,165.2252
2024-04-24,164.9925,164.9925
2024-04-25,165.0303,165.0303
2024-04-26,164.8391,164.8391
2024-04-29,164.3493,164.3493
2024-04-30,164.6405,164.6405
2024-05-06,164.8253,164.8253
2024-05-07,164.9991,164.9991
2024-05-08,164.967,164.967
2024-05-09,164.8585,164.8585
2024-05-10,164.8677,164.8677
2024-05-13,165.0094,165.0094
2024-05-14,165.0695,165.0695
2024-05-15,165.069,165.069
2024-05-16,165.0212,165.0212
2024-05-17,165.0279,165.0279
2024-05-20,165.0937,165.0937
2024-05-21,165.0612,165.0612
2024-05-22,165.0977,165.0977
2024-05-23,165.1605,165.1605
2024-05-24,165.1438,165.1438
2024-05-27,165.1852,165.1852
2024-05-28,165.2505,165.2505
2024-05-29,165.3026,165.3026
2024-05-30,165.3231,165.3231
2024-05-31,165.3211,165.3211
2024-06-03,165.4619,165.4619
2024-06-04,165.5137,165.5137
2024-06-05,165.622,165.622
2024-06-06,165.6414,165.6414
2024-06-07,165.6194,165.6194
2024-06-11,165.694,165.694
2024-06-12,165.678,165.678
2024-06-13,165.7029,165.7029
2024-06-14,165.747,165.747
2024-06-17,165.7687,165.7687
2024-06-18,165.8383,165.8383
2024-06-19,165.9605,165.9605
2024-06-20,165.9936,165.9936
2024-06-21,165.9119,165.9119
2024-06-24,166.0194,166.0194
2024-06-25,166.1254,166.1254
2024-06-26,166.1947,166.1947
2024-06-27,166.3176,166.3176
2024-06-28,166.3385,166.3385
2024-07-01,166.2796,166.2796
2024-07-02,166.3393,166.3393
2024-07-03,166.4406,166.4406
2024-07-04,166.4243,166.4243
2024-07-05,166.2997,166.2997
2024-07-08,166.136,166.136
2024-07-09,166.2833,166.2833
2024-07-10,166.2969,166.2969
2024-07-11,166.3679,166.3679
2024-07-12,166.4329,166.4329
2024-07-15,166.5453,166.5453
2024-07-16,166.5854,166.5854
2024-07-17,166.6086,166.6086
2024-07-18,166.5551,166.5551
2024-07-19,166.6065,166.6065
2024-07-22,166.8744,166.8744
2024-07-23,167.0472,167.0472
2024-07-24,167.0311,167.0311
2024-07-25,167.097,167.097
2024-07-26,167.1201,167.1201
2024-07-29,167.2296,167.2296
2024-07-30,167.2962,167.2962
2024-07-31,167.3889,167.3889
2024-08-01,167.5314,167.5314
2024-08-02,167.589,167.589
2024-08-05,167.6925,167.6925
2024-08-06,167.6069,167.6069
2024-08-07,167.7108,167.7108
2024-08-08,167.5349,167.5349
2024-08-09,167.3379,167.3379
2024-08-12,166.9858,166.9858
2024-08-13,167.1905,167.1905
2024-08-14,167.3946,167.3946
2024-08-15,167.2051,167.2051
2024-08-16,167.205,167.205
2024-08-19,167.2847,167.2847
2024-08-20,167.2927,167.2927
2024-08-21,167.2434,167.2434
2024-08-22,167.3177,167.3177
2024-08-23,167.3702,167.3702
2024-08-26,167.4076,167.4076
2024-08-27,167.248,167.248
2024-08-28,167.3363,167.3363
2024-08-29,167.3081,167.3081
2024-08-30,167.3227,167.3227
2024-09-02,167.5396,167.5396
2024-09-03,167.6237,167.6237
2024-09-04,167.6764,167.6764
2024-09-05,167.7263,167.7263
2024-09-06,167.7328,167.7328
2024-09-09,167.8302,167.8302
2024-09-10,167.8864,167.8864
2024-09-11,168.0115,168.0115
2024-09-12,168.0279,168.0279
2024-09-13,168.1163,168.1163
2024-09-18,168.2431,168.2431
2024-09-19,168.2333,168.2333
2024-09-20,168.2547,168.2547
2024-09-23,168.2894,168.2894
2024-09-24,168.2132,168.2132
2024-09-25,168.4677,168.4677
2024-09-26,168.403,168.403
2024-09-27,167.9418,167.9418
2024-09-30,167.5745,167.5745
2024-10-08,167.4303,167.4303
2024-10-09,167.4691,167.4691
2024-10-10,167.7952,167.7952
2024-10-11,167.9157,167.9157
2024-10-14,168.0259,168.0259
2024-10-15,168.0982,168.0982
2024-10-16,168.0675,168.0675
2024-10-17,168.1889,168.1889
2024-10-18,168.1327,168.1327
2024-10-21,168.1169,168.1169
2024-10-22,167.9796,167.9796
2024-10-23,167.8733,167.8733
2024-10-24,167.8656,167.8656
2024-10-25,167.8937,167.8937
2024-10-28,167.8837,167.8837
2024-10-29,167.9107,167.9107
2024-10-30,167.9124,167.9124
2024-10-31,168.0,168.0
2024-11-01,168.1155,168.1155
2024-11-04,168.1627,168.1627
2024-11-05,168.2088,168.2088
2024-11-06,168.1997,168.1997
2024-11-07,168.2896,168.2896
2024-11-08,168.3121,168.3121
2024-11-11,168.3921,168.3921
2024-11-12,168.5122,168.5122
2024-11-13,168.4703,168.4703
2024-11-14,168.5068,168.5068
2024-11-15,168.5102,168.5102
2024-11-18,168.4649,168.4649
2024-11-19,168.5196,168.5196
2024-11-20,168.5197,168.5197
2024-11-21,168.6057,168.6057
2024-11-22,168.6105,168.6105
2024-11-25,168.7302,168.7302
2024-11-26,168.7614,168.7614
2024-11-27,168.7845,168.7845
2024-11-28,168.9047,168.9047
2024-11-29,169.0628,169.0628
2024-12-02,169.4504,169.4504
2024-12-03,169.426,169.426
2024-12-04,169.6037,169.6037
2024-12-05,169.6522,169.6522
2024-12-06,169.6218,169.6218
2024-12-09,169.8032,169.8032
2024-12-10,170.2503,170.2503
2024-12-11,170.3412,170.3412
2024-12-12,170.4893,170.4893
2024-12-13,170.7941,170.7941
2024-12-16,171.0825,171.0825
2024-12-17,171.0061,171.0061
2024-12-18,170.9371,170.9371
2024-12-19,171.0135,171.0135
2024-12-20,171.3153,171.3153
2024-12-23,171.4138,171.4138
2024-12-24,171.3038,171.3038
2024-12-25,171.1532,171.1532
2024-12-26,171.2572,171.2572
2024-12-27,171.4534,171.4534
2024-12-30,171.4308,171.4308
2024-12-31,171.5055,171.5055
2025-01-02,171.7787,171.7787
2025-01-03,171.8897,171.8897
2025-01-06,171.9477,171.9477
2025-01-07,171.7978,171.7978
2025-01-08,171.7475,171.7475
2025-01-09,171.5684,171.5684
2025-01-10,171.4839,171.4839
2025-01-13,171.3927,171.3927
2025-01-14,171.5527,171.5527
2025-01-15,171.6205,171.6205
2025-01-16,171.5282,171.5282
2025-01-17,171.4723,171.4723
2025-01-20,171.4362,171.4362
2025-01-21,171.5651,171.5651
2025-01-22,171.5502,171.5502
2025-01-23,171.4309,171.4309
2025-01-24,171.4224,171.4224
2025-01-27,171.492,171.492
2025-02-05,171.857,171.857
2025-02-06,172.0029,172.0029
2025-02-07,171.992,171.992
2025-02-10,171.8046,171.8046
2025-02-11,171.831,171.831
2025-02-12,171.7762,171.7762
2025-02-13,171.7279,171.7279
2025-02-14,171.5565,171.5565
2025-02-17,171.4079,171.4079
2025-02-18,171.2623,171.2623
2025-02-19,171.3516,171.3516
2025-02-20,171.151,171.151
2025-02-21,170.9323,170.9323
2025-02-24,170.6741,170.6741
2025-02-25,170.6828,170.6828
2025-02-26,170.6946,170.6946
2025-02-27,170.5023,170.5023
2025-02-28,170.6074,170.6074
2025-03-03,170.8223,170.8223
2025-03-04,170.8588,170.8588
2025-03-05,170.8766,170.8766
2025-03-06,170.7283,170.7283
2025-03-07,170.4166,170.4166
2025-03-10,170.3107,170.3107
2025-03-11,170.0081,170.0081
2025-03-12,170.0671,170.0671
2025-03-13,170.2141,170.2141
2025-03-14,170.279,170.279
2025-03-17,170.0565,170.0565
2025-03-18,170.0743,170.0743
2025-03-19,170.1252,170.1252
2025-03-20,170.3386,170.3386
2025-03-21,170.3403,170.3403
2025-03-24,170.3837,170.3837
2025-03-25,170.4578,170.4578
2025-03-26,170.5015,170.5015
2025-03-27,170.5598,170.5598
2025-03-28,170.5642,170.5642
2025-03-31,170.6268,170.6268
2025-04-01,170.6992,170.6992
2025-04-02,170.8467,170.8467
2025-04-03,171.3217,171.3217
2025-04-07,171.7837,171.7837
2025-04-08,171.4715,171.4715
2025-04-09,171.478,171.478
2025-04-10,171.5094,171.5094
2025-04-11,171.5868,171.5868
2025-04-14,171.5724,171.5724
2025-04-15,171.58,171.58
2025-04-16,171.6585,171.6585
2025-04-17,171.6315,171.6315
2025-04-18,171.6345,171.6345
2025-04-21,171.6045,171.6045
2025-04-22,171.6525,171.6525
2025-04-23,171.5921,171.5921
2025-04-24,171.58,171.58
2025-04-25,171.5924,171.5924
2025-04-28,171.6479,171.6479
2025-04-29,171.7758,171.7758
2025-04-30,171.8385,171.8385
2025-05-06,171.9067,171.9067
2025-05-07,171.9157,171.9157
2025-05-08,172.0641,172.0641
2025-05-09,172.122,172.122
2025-05-12,172.0175,172.0175
2025-05-13,172.046,172.046
2025-05-14,172.0226,172.0226
2025-05-15,171.9467,171.9467
2025-05-16,171.8814,171.8814
2025-05-19,171.9696,171.9696
2025-05-20,171.9834,171.9834
2025-05-21,171.9787,171.9787
2025-05-22,171.9863,171.9863
2025-05-23,171.9846,171.9846
2025-05-26,172.0494,172.0494
2025-05-27,171.9942,171.9942
2025-05-28,171.9306,171.9306
2025-05-29,171.8196,171.8196
2025-05-30,171.9408,171.9408
2025-06-03,171.9587,171.9587
2025-06-04,171.9951,171.9951
2025-06-05,172.0281,172.0281
2025-06-06,172.1467,172.1467
2025-06-09,172.2215,172.2215
2025-06-10,172.2124,172.2124
2025-06-11,172.2623,172.2623
2025-06-12,172.2413,172.2413
2025-06-13,172.2344,172.2344
2025-06-16,172.2753,172.2753
2025-06-17,172.3492,172.3492
2025-06-18,172.3903,172.3903
2025-06-19,172.4283,172.4283
2025-06-20,172.4484,172.4484
2025-06-23,172.492,172.492
2025-06-24,172.4473,172.4473
2025-06-25,172.4006,172.4006
2025-06-26,172.4126,172.4126
2025-06-27,172.4391,172.4391
2025-06-30,172.4456,172.4456
2025-07-01,172.4871,172.4871
2025-07-02,172.5808,172.5808
2025-07-03,172.6201,172.6201
2025-07-04,172.6433,172.6433
2025-07-07,172.6671,172.6671
2025-07-08,172.6169,172.6169
2025-07-09,172.5872,172.5872
2025-07-10,172.5097,172.5097
2025-07-11,172.4553,172.4553
2025-07-14,172.4349,172.4349
2025-07-15,172.5356,172.5356
2025-07-16,172.5465,172.5465
2025-07-17,172.5607,172.5607
2025-07-18,172.5463,172.5463
2025-07-21,172.4921,172.4921
2025-07-22,172.4334,172.4334
2025-07-23,172.2924,172.2924
2025-07-24,172.0797,172.0797
2025-07-25,172.0555,172.0555
2025-07-28,172.2176,172.2176
2025-07-29,172.0742,172.0742
2025-07-30,172.1669,172.1669
2025-07-31,172.3151,172.3151
2025-08-01,172.3236,172.3236
2025-08-04,172.3588,172.3588
2025-08-05,172.3275,172.3275
2025-08-06,172.3516,172.3516
2025-08-07,172.3968,172.3968
2025-08-08,172.428,172.428
2025-08-11,172.3414,172.3414
2025-08-12,172.2319,172.2319
2025-08-13,172.2349,172.2349
2025-08-14,172.2108,172.2108
2025-08-15,172.125,172.125
2025-08-18,171.8415,171.8415
2025-08-19,171.8613,171.8613
2025-08-20,171.8695,171.8695
2025-08-21,171.9063,171.9063
2025-08-22,171.9188,171.9188
2025-08-25,172.022,172.022
2025-08-26,172.0872,172.0872
2025-08-27,172.0776,172.0776
2025-08-28,171.9568,171.9568
2025-08-29,171.9739,171.9739
2025-09-01,172.0469,172.0469
2025-09-02,172.0967,172.0967
2025-09-03,172.2064,172.2064
2025-09-04,172.2297,172.2297
2025-09-05,172.1236,172.1236
2025-09-08,172.0037,172.0037
2025-09-09,171.9312,171.9312
2025-09-10,171.7635,171.7635
2025-09-11,171.758,171.758
2025-09-12,171.7966,171.7966
2025-09-15,171.8801,171.8801
2025-09-16,171.9558,171.9558
2025-09-17,172.0805,172.0805
2025-09-18,172.052,172.052
2025-09-19,171.9892,171.9892
2025-09-22,172.0426,172.0426
2025-09-23,171.9566,171.9566
2025-09-24,171.8395,171.8395
2025-09-25,171.7672,171.7672
2025-09-26,171.8154,171.8154
2025-09-29,171.7808,171.7808
2025-09-30,171.8479,171.8479
2025-10-09,172.015,172.015
2025-10-10,172.0173,172.0173
2025-10-13,172.1039,172.1039
2025-10-14,172.1077,172.1077
2025-10-15,172.1068,172.1068
2025-10-16,172.1302,172.1302
2025-10-17,172.2293,172.2293
2025-10-20,172.2061,172.2061
2025-10-21,172.2355,172.2355
2025-10-22,172.2615,172.2615
2025-10-23,172.2659,172.2659
2025-10-24,172.2371,172.2371
2025-10-27,172.3117,172.3117
2025-10-28,172.4547,172.4547
2025-10-29,172.5015,172.5015
